index,label,-3.lemma,-3.pos,-3.isproper,-2.lemma,-2.pos,-2.isproper,-1.lemma,-1.pos,-1.isproper,1.lemma,1.pos,1.isproper,2.lemma,2.pos,2.isproper,3.lemma,3.pos,3.isproper
1,DC,taşı,VERB,NO,.,PUNCT,NO,sen,PRON,NO,haberdar,ADJ,NO,değil,VERB,NO,ve,CCONJ,NO
2,DC,amaç,NOUN,NO,eski,ADJ,NO,hal,NOUN,NO,pek,ADV,NO,boz,VERB,NO,kolay,ADJ,NO
3,NDC,delik,ADJ,NO,aç,VERB,NO,yer,NOUN,NO,eski,ADJ,NO,takunya,NOUN,NO,yığılı,VERB,NO
4,DC,iste,VERB,NO,bu,DET,NO,adres,NOUN,NO,bul,VERB,NO,söyle,VERB,NO,.,PUNCT,NO
5,NDC,.,PUNCT,NO,ben,PRON,NO,yürek,NOUN,NO,duvar,NOUN,NO,taşı,VERB,NO,.,PUNCT,NO
6,DC,et,VERB,NO,.,PUNCT,NO,Halil,PROPN,YES,iç,VERB,NO,içki,NOUN,NO,etki,NOUN,NO
7,DC,kaçın,VERB,NO,.,PUNCT,NO,ben,PRON,NO,özen,NOUN,NO,sakat,NOUN,NO,anımsa,VERB,NO
8,DC,bekle,VERB,NO,.,PUNCT,NO,ben,PRON,NO,parça,NOUN,NO,ol,VERB,NO,bu,DET,NO
9,NDC,ol,VERB,NO,iki,NUM,NO,kadın,ADJ,NO,yüz,NOUN,NO,açık,VERB,NO,.,PUNCT,NO
10,DC,git,VERB,NO,bu,DET,NO,bahane,NOUN,NO,tek,ADJ,NO,dost,ADJ,NO,ol,VERB,NO
11,NDC,ardım,NOUN,NO,bak,VERB,NO,belki,ADV,NO,bak,VERB,NO,cesaret,NOUN,NO,et,VERB,NO
12,DC,Bey,PROPN,YES,hizmet,NOUN,NO,ver,VERB,NO,ekle,VERB,NO,.,PUNCT,NO,hemen,ADV,NO
13,NDC,Bosnali,PROPN,YES,Kerim,PROPN,YES,bey,NOUN,NO,gör,VERB,NO,ve,CCONJ,NO,böyle,ADV,NO
14,NDC,san,VERB,NO,ama,CCONJ,NO,ses,NOUN,NO,karanlık,ADJ,NO,ol,VERB,NO,gibi,ADP,NO
15,DC,Ante,PROPN,YES,getir,VERB,NO,o,PRON,NO,düşünce,NOUN,NO,öğren,VERB,NO,.,PUNCT,NO
16,DC,inan,VERB,NO,.,PUNCT,NO,Ante,PROPN,YES,Halil,PROPN,YES,Sadi,ADJ,NO,Bey,PROPN,YES
17,NDC,sonra,NOUN,NO,iki,NUM,NO,donanma,VERB,NO,geri,ADJ,NO,çek,VERB,NO,toparlan,VERB,NO
18,NDC,sonra,ADP,NO,ticari,ADJ,NO,hayat,NOUN,NO,dil,NOUN,NO,destan,NOUN,NO,iş,NOUN,NO
19,NDC,görev,VERB,NO,kişi,NOUN,NO,ya,CCONJ,NO,bizzat,NOUN,NO,kendi,PRON,NO,liman,NOUN,NO
20,NDC,ayrıl,VERB,NO,bu,DET,NO,yüz,NOUN,NO,yeni,ADJ,NO,bir,DET,NO,iş,NOUN,NO
21,NDC,hem,CCONJ,NO,mutluluk,NOUN,NO,hem,CCONJ,NO,daha,ADV,NO,seçkin,ADJ,NO,bir,DET,NO
22,NDC,bu,PRON,NO,.,PUNCT,NO,belki,ADV,NO,dil,NOUN,NO,değil,VERB,NO,saçmala,VERB,NO
23,NDC,bazen,ADV,NO,şiddet,VERB,NO,bazen,ADV,NO,tüm,ADV,NO,kes,VERB,NO,.,PUNCT,NO
24,NDC,fıçı,NOUN,NO,...,PUNCT,NO,apteshane,NOUN,NO,o,PRON,NO,!,PUNCT,NO,tamam,ADJ,NO
25,DC,bir,DET,NO,kör,ADJ,NO,adam,NOUN,NO,bin,VERB,NO,metro,NOUN,NO,.,PUNCT,NO
26,DC,...,PUNCT,NO,başka,ADJ,NO,ev,NOUN,NO,var,VERB,NO,mi,AUX,NO,?,PUNCT,NO
27,NDC,eski,ADV,NO,beri,ADP,NO,ben,PRON,NO,beğen,VERB,NO,sen,PRON,NO,.,PUNCT,NO
28,DC,niye,ADV,NO,gül,VERB,NO,ben,PRON,NO,şerefli,ADJ,NO,bir,DET,NO,büyükelçiyim…,NOUN,NO
29,DC,parti,NOUN,NO,ver,VERB,NO,ben,PRON,NO,var,VERB,NO,.,PUNCT,NO,ev,NOUN,NO
30,NDC,duy,VERB,NO,bir,DET,NO,kadın,ADJ,NO,yok,ADJ,NO,.,PUNCT,NO,var,ADJ,NO
31,NDC,?,PUNCT,NO,bak,VERB,NO,ben,PRON,NO,akıl,NOUN,NO,takıl,VERB,NO,bu,PRON,NO
32,DC,hayat,NOUN,NO,sun,VERB,NO,iç,ADJ,NO,gir,VERB,NO,bulun,VERB,NO,.,PUNCT,NO
33,DC,ait,ADP,NO,ol,VERB,NO,hayat,NOUN,NO,insan,NOUN,NO,var,ADJ,NO,kalabalık,NOUN,NO
34,DC,işte,ADV,NO,öbür,ADJ,NO,ayak,NOUN,NO,kenar,ADJ,NO,dışarı,NOUN,NO,at,VERB,NO
35,DC,.,PUNCT,NO,aman,INTJ,NO,yol,NOUN,NO,çamurlu,ADJ,NO,mi,AUX,NO,ne,VERB,NO
36,DC,arkadaş,NOUN,NO,.,PUNCT,NO,sen,PRON,NO,bu,PRON,NO,bil,VERB,NO,.,PUNCT,NO
37,NDC,Hatir,PROPN,YES,sokak,PROPN,YES,villa,NOUN,NO,öylece,ADV,NO,dur,VERB,NO,.,PUNCT,NO
38,NDC,gel,VERB,NO,tatlımsı,ADJ,NO,koku,NOUN,NO,gece,NOUN,NO,bas,VERB,NO,balkon,NOUN,NO
39,NDC,acaba,ADV,NO,?,PUNCT,NO,belki,ADV,NO,bütün,ADJ,NO,bu,DET,NO,ol,VERB,NO
40,NDC,?,PUNCT,NO,park,NOUN,NO,geç,NOUN,NO,var,VERB,NO,.,PUNCT,NO,o,PRON,NO
41,DC,bil,VERB,NO,.,PUNCT,NO,siz,PRON,NO,boşuna,ADV,NO,oyala,VERB,NO,.,PUNCT,NO
42,DC,o,PRON,NO,döv,VERB,NO,adam,NOUN,NO,şura,PRON,NO,şu,DET,NO,ağaç,NOUN,NO
43,DC,alt,ADJ,NO,.,PUNCT,NO,o,PRON,NO,bura,PRON,NO,bekle,VERB,NO,.,PUNCT,NO
44,NDC,şimdi,ADV,NO,.,PUNCT,NO,iki,NUM,NO,aynı,ADJ,NO,durum,VERB,NO,de,VERB,NO
45,NDC,bir,DET,NO,o,DET,NO,kadar,ADP,NO,çekici,ADJ,NO,bir,DET,NO,yer,NOUN,NO
46,NDC,iç,VERB,NO,.,PUNCT,NO,belki,ADV,NO,bir,DET,NO,daha,ADV,NO,bul,VERB,NO
47,NDC,et,VERB,NO,.,PUNCT,NO,belki,ADV,NO,o,PRON,NO,karşı,ADP,NO,çok,ADV,NO
48,DC,.,PUNCT,NO,şimdi,ADV,NO,düşün,VERB,NO,galiba,ADV,NO,o,DET,NO,park,NOUN,NO
49,NDC,i,AUX,NO,?,PUNCT,NO,çocuk,NOUN,NO,bir,NUM,NO,gün,NOUN,NO,aynı,ADJ,NO
50,NDC,Hayri,PROPN,YES,Osman,PROPN,YES,Mesut,PROPN,YES,ol,VERB,NO,yan,ADJ,NO,.,PUNCT,NO
51,DC,oku,VERB,NO,.,PUNCT,NO,Kinova,PROPN,YES,sev,VERB,NO,ama,CCONJ,NO,o,DET,NO
52,DC,yok,ADJ,NO,.,PUNCT,NO,önem,NOUN,NO,yok,ADJ,NO,bu,PRON,NO,o,DET,NO
53,NDC,keyifsiz,ADJ,NO,ol,VERB,NO,gün,NOUN,NO,konuş,VERB,NO,Vedat,PROPN,YES,ama,CCONJ,NO
54,DC,başla,VERB,NO,.,PUNCT,NO,Vedat,PROPN,YES,kaç,VERB,NO,.,PUNCT,NO,neslihan,PROPN,YES
55,NDC,gör,VERB,NO,aslında,ADV,NO,o,PRON,NO,önle,NOUN,NO,kapa,VERB,NO,çalış,VERB,NO
56,DC,mutlaka,ADV,NO,gir,VERB,NO,Vedat,PROPN,YES,yer,NOUN,NO,göre,ADP,NO,pantolon,NOUN,NO
57,DC,.,PUNCT,NO,üç,NUM,NO,beş,NUM,NO,kazanç,NOUN,NO,ol,VERB,NO,.,PUNCT,NO
58,DC,sen,PRON,NO,de,VERB,NO,nesil,PROPN,YES,kim,PRON,NO,kim,PRON,NO,?,PUNCT,NO
59,NDC,tanık,NOUN,NO,.,PUNCT,NO,iki,NUM,NO,aynı,ADJ,NO,kişi,NOUN,NO,işlet,VERB,NO
60,NDC,hava,NOUN,NO,çorap,NOUN,NO,ya,CCONJ,NO,pantolon,NOUN,NO,çamur,NOUN,NO,sıçra,VERB,NO
61,DC,el,NOUN,NO,ver,VERB,NO,de,VERB,NO,kahkaha,NOUN,NO,gül,VERB,NO,Neslihan,PROPN,YES
62,DC,ordan-,NOUN,NO,seslen,VERB,NO,gel,VERB,NO,bir,DET,NO,çay,NOUN,NO,iç,ADJ,NO
63,NDC,o,PRON,NO,İlhami,PROPN,YES,kimi,PRON,NO,sağ,ADJ,NO,el,NOUN,NO,bük,VERB,NO
64,DC,götür,VERB,NO,.,PUNCT,NO,Tiksinse,VERB,NO,uzaklaş,VERB,NO,yan,ADJ,NO,.,PUNCT,NO
65,NDC,don,VERB,NO,.,PUNCT,NO,belki,ADV,NO,o,DET,NO,an,NOUN,NO,Tanri,PROPN,YES
66,NDC,insan,NOUN,NO,gibi,ADP,NO,değil,CCONJ,NO,aynı,ADJ,NO,ev,NOUN,NO,paylaş,VERB,NO
67,NDC,köy,NOUN,NO,git,VERB,NO,belki,ADV,NO,kaç,VERB,NO,ya,CCONJ,NO,da,CCONJ,NO
68,NDC,herkes,NOUN,NO,gül,VERB,NO,kimi,PRON,NO,yuh,NOUN,NO,çek,VERB,NO,asker,VERB,NO
69,NDC,Mustafa,PROPN,YES,kimi,DET,NO,zaman,NOUN,NO,Ahmed,PROPN,YES,Arif,PROPN,YES,.,PUNCT,NO
70,DC,kadar,ADP,NO,gizle,VERB,NO,çalış,VERB,NO,utan,VERB,NO,değil,AUX,NO,mi,AUX,NO
71,NDC,de,CCONJ,NO,kaç,VERB,NO,ya,CCONJ,NO,saklandık,VERB,NO,avla,VERB,NO,için,VERB,NO
72,NDC,ben,PRON,NO,anla,VERB,NO,ya,CCONJ,NO,yalnızca,ADV,NO,anla,VERB,NO,ad,NOUN,NO
73,NDC,ad,NOUN,NO,kilise,NOUN,NO,ya,CCONJ,NO,papaz,NOUN,NO,ad,NOUN,NO,benze,VERB,NO
74,NDC,gösterim,NOUN,NO,aksa,NOUN,NO,ya,CCONJ,NO,ses,NOUN,NO,düzen,NOUN,NO,bozukluk,NOUN,NO
75,NDC,yuh,NOUN,NO,.,PUNCT,NO,ya,CCONJ,NO,Niyazi,PROPN,YES,ses,NOUN,NO,!,PUNCT,NO
76,NDC,John,PROPN,YES,Wayne,PROPN,YES,ya,CCONJ,NO,diş,NOUN,NO,ara,ADJ,NO,sıkış,VERB,NO
77,NDC,ile,CCONJ,NO,birlikte,ADP,NO,nasıl,ADV,NO,geri,ADJ,NO,geri,ADJ,NO,devril,VERB,NO
78,DC,bir,DET,NO,gün,NOUN,NO,başka,ADJ,NO,bil,VERB,NO,anla,VERB,NO,ne,PRON,NO
79,DC,ben,PRON,NO,söyle,VERB,NO,öte,VERB,NO,o,DET,NO,gece,NOUN,NO,Eda,PROPN,YES
80,DC,.,PUNCT,NO,el,NOUN,NO,ver,VERB,NO,fal,NOUN,NO,bak,VERB,NO,de,VERB,NO
81,NDC,düşün,VERB,NO,.,PUNCT,NO,belki,ADV,NO,Fulya,PROPN,YES,birlikte,VERB,NO,.,PUNCT,NO
82,NDC,tanı,VERB,NO,.,PUNCT,NO,belki,ADV,NO,sen,PRON,NO,uygun,ADJ,NO,biri,PRON,NO
83,NDC,sık,VERB,NO,.,PUNCT,NO,belki,ADV,NO,ilişki,NOUN,NO,ben,PRON,NO,söyle,VERB,NO
84,NDC,ölçülü,ADJ,NO,.,PUNCT,NO,belki,ADV,NO,ben,PRON,NO,ol,VERB,NO,duyarsız,NOUN,NO
85,NDC,ben,PRON,NO,için,ADP,NO,hem,CCONJ,NO,ol,VERB,NO,gelecek,NOUN,NO,belirle,VERB,NO
86,NDC,etnik,ADJ,NO,grup,NOUN,NO,hem,CCONJ,NO,yaşa,VERB,NO,biçim,NOUN,NO,ve,CCONJ,NO
87,NDC,.,PUNCT,NO,Melike,PROPN,YES,ya,CCONJ,NO,Eda,PROPN,YES,ad,NOUN,NO,bir,DET,NO
88,NDC,başka,ADJ,NO,erkek,ADJ,NO,ya,CCONJ,NO,yeğle,VERB,NO,farklı,ADJ,NO,durum,NOUN,NO
89,NDC,seç,VERB,NO,mutluluk,NOUN,NO,ya,CCONJ,NO,mutsuzluk,NOUN,NO,bekle,VERB,NO,birlikte,ADV,NO
90,NDC,getir,VERB,NO,bir,PRON,NO,çok,ADV,NO,genç,ADJ,NO,fakat,CCONJ,NO,ben,PRON,NO
91,NDC,.,PUNCT,NO,bilimkurgu,NOUN,NO,ya,CCONJ,NO,kurmaca,NOUN,NO,bir,NUM,NO,şey,NOUN,NO
92,DC,et,VERB,NO,.,PUNCT,NO,bak,VERB,NO,şimdi,ADV,NO,el,NOUN,NO,kalem,NOUN,NO
93,NDC,panik,NOUN,NO,belki,ADV,NO,ya,CCONJ,NO,öylesine,ADV,NO,bir,DET,NO,üşüme,VERB,NO
94,NDC,ve,CCONJ,NO,seçmeli,ADJ,NO,ol,NOUN,NO,çözüm,NOUN,NO,bekle,VERB,NO,soru,VERB,NO
95,NDC,koşul,NOUN,NO,güncel,ADJ,NO,olarak,ADP,NO,dünya,NOUN,NO,tehdit,NOUN,NO,et,VERB,NO
96,NDC,gün,NOUN,NO,Dünya,PROPN,YES,için,ADP,NO,gerçek,ADJ,NO,ol,VERB,NO,unut,VERB,NO
97,NDC,neden,ADV,NO,diğer,NOUN,NO,için,ADP,NO,etkin,ADJ,NO,ol,VERB,NO,?,PUNCT,NO
98,NDC,tür,NOUN,NO,çoğu,PRON,NO,ya,CCONJ,NO,birkaçı,PRON,NO,tek,ADJ,NO,bir,DET,NO
99,NDC,0,NUM,NO,yıl,NOUN,NO,ya,CCONJ,NO,daha,ADV,NO,uzun,ADJ,NO,bir,DET,NO
100,DC,büyük,ADJ,NO,bilimsel,ADJ,NO,devrim,NOUN,NO,besle,VERB,NO,ve,CCONJ,NO,kanıtla,VERB,NO
101,DC,sosyalist,ADJ,NO,kuram,NOUN,NO,gelişim,NOUN,NO,izle,VERB,NO,.,PUNCT,NO,19,NUM,NO
102,NDC,yenilgi,NOUN,NO,bir,DET,NO,neden,NOUN,NO,yaygınlaş,VERB,NO,diğer,ADJ,NO,ülke,NOUN,NO
103,NDC,hatta,CCONJ,NO,baş,NOUN,NO,Lenin,PROPN,YES,düşün,VERB,NO,gibi,ADP,NO,Avrupa,PROPN,YES
104,DC,yüzyıl,NOUN,NO,sosyalizm,NOUN,NO,model,NOUN,NO,19,NUM,NO,.,PUNCT,NO,yüzyıl,NOUN,NO
105,NDC,yazı,NOUN,NO,iç,NOUN,NO,Marx,PROPN,YES,bulun,VERB,NO,demokratik,ADJ,NO,ve,CCONJ,NO
106,DC,kârın,NOUN,NO,temel,ADJ,NO,kaynak,NOUN,NO,bul,VERB,NO,.,PUNCT,NO,daha,ADV,NO
107,DC,.,PUNCT,NO,Marx,PROPN,YES,kendi,PRON,NO,o,DET,NO,dönem,NOUN,NO,için,ADP,NO
108,NDC,filozof,NOUN,NO,bilimsel,ADJ,NO,sosyalizm,NOUN,NO,bir,DET,NO,19,NUM,NO,.,PUNCT,NO
109,DC,inisiyatif,NOUN,NO,ol,VERB,NO,parti,NOUN,NO,bu,DET,NO,inisiyatif,NOUN,NO,önder,NOUN,NO
110,DC,orta,ADJ,NO,çık,VERB,NO,Marx,PROPN,YES,o,PRON,NO,keşfet,VERB,NO,.,PUNCT,NO
111,NDC,.,PUNCT,NO,Marx,PROPN,YES,yukarı,ADJ,NO,söz,NOUN,NO,et,VERB,NO,gibi,ADP,NO
112,NDC,hoca,NOUN,NO,Feuerbach,PROPN,YES,değil,CCONJ,NO,dönem,NOUN,NO,politik,ADJ,NO,eylem,NOUN,NO
113,NDC,bu,DET,NO,model,NOUN,NO,gerçekten,ADV,NO,19,NUM,NO,.,PUNCT,NO,yüzyıl,NOUN,NO
114,NDC,ama,CCONJ,NO,bu,DET,NO,düzey,NOUN,NO,ancak,ADV,NO,bolluk,NOUN,NO,toplum,NOUN,NO
115,NDC,bir,DET,NO,dönem,NOUN,NO,hem,CCONJ,NO,yaşlı,ADJ,NO,kıta,NOUN,NO,merkez,NOUN,NO
116,DC,gör,VERB,NO,.,PUNCT,NO,bu,PRON,NO,Marx,PROPN,YES,deha,NOUN,NO,ol,VERB,NO
117,DC,var,VERB,NO,.,PUNCT,NO,Çatalhöyük,PROPN,YES,aynı,ADJ,NO,şekil,NOUN,NO,ev,NOUN,NO
118,DC,başla,VERB,NO,.,PUNCT,NO,bu,PRON,NO,çok,ADV,NO,onur,NOUN,NO,ver,VERB,NO
119,DC,ara,ADJ,NO,kültür,NOUN,NO,olarak,ADP,NO,birtakım,ADJ,NO,benzerlik,NOUN,NO,var,ADJ,NO
120,DC,.,PUNCT,NO,Aşikli,ADJ,NO,höyük,NOUN,NO,bir,DET,NO,taraf,NOUN,NO,Çatalhöyük,PROPN,YES
121,DC,şimdi,ADV,NO,biz,PRON,NO,arkeometri,NOUN,NO,dünya,NOUN,NO,yarışma,VERB,NO,başla,VERB,NO
122,NDC,sanat,NOUN,NO,Anadolu,PROPN,YES,Çatalhöyük,PROPN,YES,1500,NUM,NO,sene,NOUN,NO,önce,ADP,NO
123,NDC,Çatalhöyük,PROPN,YES,plan,NOUN,NO,üst,NOUN,NO,hasandak,NOUN,NO,ol,VERB,NO,tez,NOUN,NO
124,DC,şimdi,ADV,NO,klasik,ADJ,NO,kazı,NOUN,NO,arkeometri,NOUN,NO,araştır,VERB,NO,başla,VERB,NO
125,DC,.,PUNCT,NO,öteki,NOUN,NO,yapı,NOUN,NO,tapınak,NOUN,NO,beraber,ADV,NO,ol,VERB,NO
126,DC,araştır,VERB,NO,yap,VERB,NO,arkeometalurg,NOUN,NO,örnek,NOUN,NO,topla,VERB,NO,.,PUNCT,NO
127,DC,yumuşak,ADJ,NO,o,PRON,NO,soğuk,VERB,NO,sıcak,VERB,NO,de,CCONJ,NO,döv,VERB,NO
128,NDC,.,PUNCT,NO,ölü,ADJ,NO,belki,ADV,NO,ilk,ADJ,NO,kez,NOUN,NO,ora,PRON,NO
129,NDC,.,PUNCT,NO,o,DET,NO,yüz,NOUN,NO,yok,ADJ,NO,ol,VERB,NO,gerek,VERB,NO
130,NDC,var,ADJ,NO,.,PUNCT,NO,bu,PRON,NO,Melendiz,PROPN,YES,kıyı,NOUN,NO,güney,ADJ,NO
131,NDC,öğüt,VERB,NO,işlem,NOUN,NO,hem,CCONJ,NO,belki,ADV,NO,taş,ADJ,NO,işçilik,NOUN,NO
132,NDC,yap,VERB,NO,.,PUNCT,NO,o,PRON,NO,şimdi,ADV,NO,Boğaziçi,NOUN,NO,üniversite,NOUN,NO
133,NDC,köy,NOUN,NO,dönem,NOUN,NO,olarak,ADP,NO,yüzey,NOUN,NO,araştırma,VERB,NO,sapta,VERB,NO
134,DC,Abdülhamid,PROPN,YES,kolay,NOUN,NO,benimse,VERB,NO,her,DET,NO,şey,NOUN,NO,ol,VERB,NO
135,NDC,gibi,ADP,NO,baba,NOUN,NO,ara,NOUN,NO,Ahmet,PROPN,YES,Mithat,PROPN,YES,en,ADV,NO
136,DC,konu,NOUN,NO,Namik,PROPN,YES,Kemal,PROPN,YES,aynı,ADJ,NO,o,PRON,NO,gibi,ADP,NO
137,NDC,Beşir,PROPN,YES,Fuad,PROPN,YES,intihar,NOUN,NO,çok,ADV,NO,sars,VERB,NO,.,PUNCT,NO
138,NDC,farklı,ADJ,NO,olarak,ADP,NO,akıl,NOUN,NO,yitir,VERB,NO,bir,DET,NO,genç,VERB,NO
139,DC,gibi,ADP,NO,zayıfla,VERB,NO,ol,VERB,NO,İslâmî,ADJ,NO,kültür,NOUN,NO,camiacı,NOUN,NO
140,NDC,gayret,NOUN,NO,bulun,VERB,NO,nezdinde,NOUN,NO,istihsan,NOUN,NO,edilememektedi,VERB,NO,.,PUNCT,NO
141,DC,Bey,PROPN,YES,traji-komik,NOUN,NO,öykü,NOUN,NO,gerçek,ADJ,NO,baba,NOUN,NO,yok,NOUN,NO
142,DC,.,PUNCT,NO,Namik,PROPN,YES,Kemal,PROPN,YES,24,NUM,NO,sayılı,ADJ,NO,İbret,PROPN,YES
143,NDC,ol,VERB,NO,sıbyan,NOUN,NO,mektep,NOUN,NO,medrese,NOUN,NO,nüfuz,NOUN,NO,kurtar,VERB,NO
144,DC,çık,VERB,NO,Bihruz,PROPN,YES,bey,NOUN,NO,oku,VERB,NO,gayet,ADV,NO,seviyesiz,ADJ,NO
145,DC,.,PUNCT,NO,Ziya,PROPN,YES,bey,NOUN,NO,bu,DET,NO,husus,NOUN,NO,kendi,PRON,NO
146,NDC,Bakir,PROPN,YES,Can,PROPN,YES,Muattar,PROPN,YES,Doğu,ADJ,NO,ilim,NOUN,NO,ve,CCONJ,NO
147,DC,.,PUNCT,NO,bu,DET,NO,yorum,NOUN,NO,ya,CCONJ,NO,yakın,ADJ,NO,tarih,NOUN,NO
148,DC,.,PUNCT,NO,bu,DET,NO,sınır,NOUN,NO,pek,ADV,NO,öyle,ADV,NO,cömert,ADV,NO
149,NDC,ahkâm,NOUN,NO,herkes,NOUN,NO,hukuk,NOUN,NO,vazife,NOUN,NO,de,CCONJ,NO,akıl,NOUN,NO
150,NDC,gibi,ADP,NO,müsbet,ADJ,NO,ilim,NOUN,NO,yer,NOUN,NO,ver,VERB,NO,Rakim,PROPN,YES
151,NDC,Rakim,PROPN,YES,Efendi,PROPN,YES,eğitim,NOUN,NO,dünya,NOUN,NO,görüş,NOUN,NO,de,CCONJ,NO
152,NDC,görün,VERB,NO,.,PUNCT,NO,belki,ADV,NO,bu,DET,NO,yüz,NOUN,NO,ondokuzuncu,NUM,NO
153,NDC,mürebbi-i,NOUN,NO,efkâr,NOUN,NO,ille,ADV,NO,bir,DET,NO,baba,NOUN,NO,olarak,ADP,NO
154,DC,eşit,VERB,NO,.,PUNCT,NO,kendi,PRON,NO,sağlam,ADJ,NO,bir,DET,NO,Osmanli,PROPN,YES
155,DC,lisan,NOUN,NO,geç,VERB,NO,i,AUX,NO,beri,ADV,NO,taraf,NOUN,NO,hikmet-i,NOUN,NO
156,DC,çeşm-i,NOUN,NO,basiret,NOUN,NO,bağla,VERB,NO,kız,ADJ,NO,ora,PRON,NO,alafranga,NOUN,NO
157,NDC,sevin,VERB,NO,.,PUNCT,NO,şimdi,ADV,NO,işte,ADV,NO,böyle,ADV,NO,kan,NOUN,NO
158,NDC,ağla,VERB,NO,.,PUNCT,NO,şimdi,ADV,NO,Felatun,PROPN,YES,bey,NOUN,NO,ile,CCONJ,NO
159,DC,ekle,VERB,NO,bu,DET,NO,hal,NOUN,NO,bir,DET,NO,gencin,NOUN,NO,eğitim,NOUN,NO
160,NDC,madama,NOUN,NO,olası,ADJ,NO,belki,ADV,NO,kaçınılmaz,ADJ,NO,kötü,ADJ,NO,etki,NOUN,NO
161,NDC,araştır,VERB,NO,ol,VERB,NO,hiç,ADV,NO,mümkün,ADJ,NO,ol,VERB,NO,gör,VERB,NO
162,DC,de,VERB,NO,caiz,NOUN,NO,ol,VERB,NO,söz,NOUN,NO,doğru,ADJ,NO,söyle,VERB,NO
163,NDC,geç,VERB,NO,vakit,NOUN,NO,kendi,PRON,NO,vazife,ADV,NO,başka,ADJ,NO,bir,DET,NO
164,NDC,siyehçer,NOUN,NO,yorum,NOUN,NO,belki,ADV,NO,dünya,NOUN,NO,edebiyat,NOUN,NO,en,ADV,NO
165,NDC,varlık,NOUN,NO,baba,NOUN,NO,daha,ADV,NO,büyük,ADJ,NO,bir,DET,NO,tehlike,NOUN,NO
166,NDC,al,VERB,NO,bir,NUM,NO,yan,ADJ,NO,arın,VERB,NO,gerek,VERB,NO,.,PUNCT,NO
167,NDC,baba,NOUN,NO,ölüm,NOUN,NO,sonra,ADP,NO,yol,NOUN,NO,şaşır,VERB,NO,.,PUNCT,NO
168,DC,koşul,NOUN,NO,var,VERB,NO,o,PRON,NO,jön,PROPN,YES,Türk,PROPN,YES,ahdiye,NOUN,NO
169,NDC,Ceylan,PROPN,YES,gibi,ADP,NO,o,PRON,NO,yanlış,ADJ,NO,şey,NOUN,NO,oku,VERB,NO
170,DC,müslümanlık,NOUN,NO,var,VERB,NO,bu,PRON,NO,kadın,ADJ,NO,kötü,ADJ,NO,bir,DET,NO
171,NDC,oğul,NOUN,NO,nasihat,NOUN,NO,ya,CCONJ,NO,çocuk,NOUN,NO,terbiye,NOUN,NO,kitap,NOUN,NO
172,NDC,bir,DET,NO,metin,NOUN,NO,ya,CCONJ,NO,mutlak,ADJ,NO,İslâmî,ADJ,NO,ilim,NOUN,NO
173,NDC,bir,DET,NO,baba,NOUN,NO,ya,CCONJ,NO,klasik,ADJ,NO,eğitim,NOUN,NO,yok,VERB,NO
174,NDC,kişilik,NOUN,NO,gerçek,ADJ,NO,ya,CCONJ,NO,yaşantı,NOUN,NO,değil,VERB,NO,sözcük,NOUN,NO
175,NDC,çöz,VERB,NO,yanılsama,VERB,NO,ya,CCONJ,NO,cumhuriyetçi,NOUN,NO,in,NOUN,NO,kendi,PRON,NO
176,NDC,bütün,ADJ,NO,yenileş,VERB,NO,ya,CCONJ,NO,batılılaşma,NOUN,NO,hareket,NOUN,NO,Tanzimat,PROPN,YES
177,NDC,roman,NOUN,NO,kendi,PRON,NO,kendi,PRON,NO,hiç,NOUN,NO,bir,NUM,NO,bakım,NOUN,NO
178,DC,bir,NUM,NO,bakım,NOUN,NO,kendi,PRON,NO,gönder,VERB,NO,yap,VERB,NO,yazılış,NOUN,NO
179,NDC,çağrış,VERB,NO,.,PUNCT,NO,o,PRON,NO,genç,ADJ,NO,yaş,NOUN,NO,babasız,ADJ,NO
180,DC,gel,VERB,NO,.,PUNCT,NO,bu,PRON,NO,el,NOUN,NO,çık,VERB,NO,.,PUNCT,NO
181,NDC,bir,DET,NO,dil,NOUN,NO,parodis,NOUN,NO,edebî,ADJ,NO,gelenek,NOUN,NO,daha,ADV,NO
182,NDC,koru,VERB,NO,Recaizade,PROPN,YES,Ekrem,PROPN,YES,anlatım,NOUN,NO,benimse,VERB,NO,bir,DET,NO
183,NDC,yer,NOUN,NO,kişi,NOUN,NO,özellikle,ADV,NO,Bihruz,PROPN,YES,un,NOUN,NO,konuş,VERB,NO
184,DC,mutlak,ADJ,NO,anlat,NOUN,NO,işlev,NOUN,NO,kısıt,NOUN,NO,bu,DET,NO,bakım,NOUN,NO
185,NDC,babasızlık,NOUN,NO,anlam,NOUN,NO,anlatı,NOUN,NO,hisset,VERB,NO,tek,ADJ,NO,Tanzimat,PROPN,YES
186,NDC,kaplumbağa,NOUN,NO,ile,CCONJ,NO,bir,DET,NO,fino,NOUN,NO,köpek,NOUN,NO,zuhur,NOUN,NO
187,DC,dansetmek,NOUN,NO,fino,NOUN,NO,köpek,NOUN,NO,Belle,PROPN,YES,Helene,PROPN,YES,opera,NOUN,NO
188,NDC,şebap,NOUN,NO,gibi,ADP,NO,bu,PRON,NO,en,ADV,NO,hafif,ADJ,NO,bir,DET,NO
189,DC,iletişimsizlik,NOUN,NO,açıkla,VERB,NO,yinele,VERB,NO,yarar,ADJ,NO,sağla,VERB,NO,.,PUNCT,NO
190,NDC,gelenek,NOUN,NO,diğer,ADJ,NO,metin,NOUN,NO,sürekli,ADV,NO,gönder,VERB,NO,yap,VERB,NO
191,NDC,batılılaşma,VERB,NO,roman,NOUN,NO,değil,CCONJ,NO,bir,DET,NO,modernleş,VERB,NO,roman,NOUN,NO
192,DC,lando,NOUN,NO,takip,NOUN,NO,et,VERB,NO,bir,NUM,NO,türlü,ADJ,NO,yetiş,VERB,NO
193,NDC,şapka,NOUN,NO,iki,NUM,NO,koltuk,NOUN,NO,bir,NUM,NO,bordo,NOUN,NO,şişe,NOUN,NO
194,NDC,parodi,NOUN,NO,olay,NOUN,NO,ya,CCONJ,NO,kişi,NOUN,NO,bu,DET,NO,yüksek,ADJ,NO
195,NDC,göster,VERB,NO,olay,NOUN,NO,ya,CCONJ,NO,kişi,NOUN,NO,komiklik,NOUN,NO,vurgula,VERB,NO
196,NDC,at,VERB,NO,ilişki,NOUN,NO,özellikle,ADV,NO,Bihruz,PROPN,YES,un,NOUN,NO,anne,NOUN,NO
197,NDC,yazın,NOUN,NO,yöntem,NOUN,NO,ya,CCONJ,NO,yöntem,NOUN,NO,Tanzimat,PROPN,YES,dönem,NOUN,NO
198,NDC,biçim,NOUN,NO,parodis,NOUN,NO,ya,CCONJ,NO,yeni,ADJ,NO,biçim,NOUN,NO,dene,VERB,NO
199,NDC,yaşa,VERB,NO,acılı,ADJ,NO,gün,NOUN,NO,zenginlik,NOUN,NO,ve,CCONJ,NO,mutluluk,NOUN,NO
200,NDC,kazan,VERB,NO,.,PUNCT,NO,gerçekten,ADV,NO,baba,NOUN,NO,el,NOUN,NO,açık,VERB,NO
201,DC,aynı,ADJ,NO,hareket,NOUN,NO,Ortaköy,PROPN,YES,yap,VERB,NO,sene,NOUN,NO,sonra,ADP,NO
202,DC,de,VERB,NO,.,PUNCT,NO,o,PRON,NO,ben,PRON,NO,bir,DET,NO,tokat,NOUN,NO
203,DC,aralık,VERB,NO,içeri,ADJ,NO,kadın,ADJ,NO,gör,VERB,NO,.,PUNCT,NO,ben,PRON,NO
204,NDC,ana,NOUN,NO,arka,ADJ,NO,sen,PRON,NO,git,VERB,NO,oğul,NOUN,NO,köpek,NOUN,NO
205,NDC,oğul,NOUN,NO,köpek,NOUN,NO,sen,PRON,NO,bağır,VERB,NO,belki,ADV,NO,diye,ADP,NO
206,NDC,anne,NOUN,NO,yap,VERB,NO,etki,NOUN,NO,kal,VERB,NO,yüksek,ADJ,NO,ses,NOUN,NO
207,NDC,bu,PRON,NO,ara,ADJ,NO,Kemal,PROPN,YES,var,VERB,NO,.,PUNCT,NO,kendi,PRON,NO
208,NDC,ne,CCONJ,NO,öğrenci,NOUN,NO,ne,CCONJ,NO,oku,VERB,NO,ders,NOUN,NO,.,PUNCT,NO
209,DC,bu,DET,NO,düşünce,NOUN,NO,anne,NOUN,NO,tatil,NOUN,NO,gün,NOUN,NO,kitap,NOUN,NO
210,NDC,.,PUNCT,NO,nimet,NOUN,NO,biraz,ADV,NO,yılış,VERB,NO,hadi,INTJ,NO,anne,NOUN,NO
211,NDC,fark,NOUN,NO,ancak,ADV,NO,kendi,PRON,NO,farklı,ADJ,NO,ol,VERB,NO,gör,VERB,NO
212,DC,yetin,VERB,NO,bazen,ADV,NO,içerik,NOUN,NO,özetle,VERB,NO,aynı,ADJ,NO,yazar,NOUN,NO
213,DC,yazar,NOUN,NO,başka,ADJ,NO,eser,NOUN,NO,söz,NOUN,NO,et,VERB,NO,.,PUNCT,NO
214,DC,.,PUNCT,NO,ev,NOUN,NO,kavga,NOUN,NO,azal,VERB,NO,.,PUNCT,NO,ayrıca,ADV,NO
215,DC,.,PUNCT,NO,Arap,PROPN,YES,de,VERB,NO,baba,NOUN,NO,saray,NOUN,NO,ibrikçi,NOUN,NO
216,DC,saç,NOUN,NO,ayır,VERB,NO,tarak,NOUN,NO,taşı,VERB,NO,yani,CCONJ,NO,süs,NOUN,NO
217,NDC,ve,CCONJ,NO,kadın,ADJ,NO,hiç,ADV,NO,iyi,ADJ,NO,göz,NOUN,NO,bak,VERB,NO
218,DC,.,PUNCT,NO,o,PRON,NO,ad,NOUN,NO,milli,ADJ,NO,şef,NOUN,NO,ol,VERB,NO
219,NDC,güzellik,NOUN,NO,o,DET,NO,yıl,NOUN,NO,öylesine,ADV,NO,uzun,ADJ,NO,sür,VERB,NO
220,NDC,genellikle,ADV,NO,yalnız,ADV,NO,kal,VERB,NO,beraber,ADV,NO,getir,VERB,NO,.,PUNCT,NO
221,DC,.,PUNCT,NO,Fran,ADJ,NO,oku,VERB,NO,ilave,NOUN,NO,et,VERB,NO,okul,NOUN,NO
222,NDC,baba,NOUN,NO,yüz,NOUN,NO,ne,CCONJ,NO,oda,NOUN,NO,kadın,ADJ,NO,yüz,NOUN,NO
223,NDC,alıngan,VERB,NO,doğal,ADJ,NO,olarak,ADP,NO,utan,VERB,NO,bir,DET,NO,insan,VERB,NO
224,NDC,kitap,NOUN,NO,var,VERB,NO,hepsi,PRON,NO,sahiden,ADV,NO,yaşa,VERB,NO,gibi,ADP,NO
225,NDC,.,PUNCT,NO,büyük,ADJ,NO,ya,CCONJ,NO,küçük,ADJ,NO,çıkar,NOUN,NO,uğru,NOUN,NO
226,DC,ahbap,VERB,NO,öğle,NOUN,NO,sonra,ADP,NO,çarşı,ADJ,NO,tiyatro,NOUN,NO,git,VERB,NO
227,DC,.,PUNCT,NO,baba,NOUN,NO,savun,VERB,NO,ne,PRON,NO,büyü,VERB,NO,bu,PRON,NO
228,DC,öğren,VERB,NO,iste,VERB,NO,kendi,PRON,NO,o,PRON,NO,oku,VERB,NO,söyle,VERB,NO
229,NDC,nihayet,ADV,NO,Ateş,PROPN,YES,sen,PRON,NO,döv,VERB,NO,değil,AUX,NO,mi,AUX,NO
230,DC,üzer,NOUN,NO,konuş,VERB,NO,gerek,VERB,NO,J,PROPN,YES,.j,PROPN,YES,.,PUNCT,NO
231,NDC,insan,NOUN,NO,nasıl,ADV,NO,gör,VERB,NO,orta,ADJ,NO,çık,VERB,NO,bu,DET,NO
232,DC,.,PUNCT,NO,birkaç,DET,NO,arkadaş,NOUN,NO,aynı,ADJ,NO,öneri,NOUN,NO,bulun,VERB,NO
233,DC,aynı,ADJ,NO,öneri,NOUN,NO,bulun,VERB,NO,kimse,NOUN,NO,yanaş,VERB,NO,.,PUNCT,NO
234,DC,ki,CCONJ,NO,o,PRON,NO,sorun,NOUN,NO,biz,PRON,NO,sorun,NOUN,NO,.,PUNCT,NO
235,NDC,bir,DET,NO,zaman,NOUN,NO,okul,NOUN,NO,etki,NOUN,NO,göster,VERB,NO,.,PUNCT,NO
236,NDC,lig,NOUN,NO,maç,NOUN,NO,hakemlik,NOUN,NO,yap,VERB,NO,oda,NOUN,NO,o,PRON,NO
237,NDC,hem,CCONJ,NO,başka,ADJ,NO,okul,NOUN,NO,yok,ADV,NO,diye,ADP,NO,yanıt,NOUN,NO
238,NDC,müdür,NOUN,NO,bey,NOUN,NO,ben,PRON,NO,zaten,ADV,NO,ben,PRON,NO,iki,NUM,NO
239,NDC,ver,VERB,NO,.,PUNCT,NO,Sabahat,PROPN,YES,var,VERB,NO,ev,NOUN,NO,Orhan,PROPN,YES
240,DC,emin,ADJ,NO,ki,CCONJ,NO,müdür,NOUN,NO,o,DET,NO,an,NOUN,NO,kendi,PRON,NO
241,DC,.,PUNCT,NO,sor,VERB,NO,sor,VERB,NO,çünkü,CCONJ,NO,müdür,NOUN,NO,çok,ADV,NO
242,DC,.,PUNCT,NO,Nurhan,PROPN,YES,ben,PRON,NO,ara,ADJ,NO,bir,NUM,NO,o,PRON,NO
243,DC,oda,NOUN,NO,gir,VERB,NO,iste,VERB,NO,o,PRON,NO,için,ADP,NO,koridor,NOUN,NO
244,DC,de,VERB,NO,.,PUNCT,NO,ben,PRON,NO,o,PRON,NO,uyar,NOUN,NO,için,ADP,NO
245,DC,de,VERB,NO,.,PUNCT,NO,ben,PRON,NO,o,PRON,NO,kendi,PRON,NO,güven,VERB,NO
246,DC,herkes,NOUN,NO,söyle,VERB,NO,siz,PRON,NO,söyle,VERB,NO,de,VERB,NO,.,PUNCT,NO
247,DC,yapay,ADJ,NO,bir,DET,NO,şekil,NOUN,NO,baş,NOUN,NO,dik,ADJ,NO,tut,VERB,NO
248,DC,niye,ADV,NO,kart,ADJ,NO,ver,VERB,NO,hava,NOUN,NO,yap,VERB,NO,gibi,ADP,NO
249,DC,yap,VERB,NO,her,DET,NO,türlü,NOUN,NO,iğren,VERB,NO,.,PUNCT,NO,aslında,ADV,NO
250,NDC,söylü,VERB,NO,de,VERB,NO,İsa,PROPN,YES,o,PRON,NO,sen,PRON,NO,öyle,ADV,NO
251,NDC,sonra,ADP,NO,Orhan,PROPN,YES,Kemal,PROPN,YES,getir,VERB,NO,söyle,VERB,NO,ev,NOUN,NO
252,NDC,öğretmen,NOUN,NO,gibi,ADP,NO,değil,CCONJ,NO,arkadaş,NOUN,NO,dost,ADJ,NO,gibi,ADP,NO
253,DC,gerçekten,ADV,NO,ben,PRON,NO,döv,VERB,NO,bu,DET,NO,yapaylık,NOUN,NO,gerek,NOUN,NO
254,DC,sor,VERB,NO,.,PUNCT,NO,ben,PRON,NO,o,PRON,NO,çöp,NOUN,NO,kutu,NOUN,NO
255,NDC,o,DET,NO,şaşkın,ADJ,NO,ya,CCONJ,NO,sinirlen,VERB,NO,gibi,ADP,NO,el,NOUN,NO
256,DC,öl,VERB,NO,hazır,VERB,NO,de,VERB,NO,her,DET,NO,şey,NOUN,NO,üzer,NOUN,NO
257,NDC,dünya,NOUN,NO,otomobil,NOUN,NO,ya,CCONJ,NO,uçak,NOUN,NO,yok,ADJ,NO,diye,ADP,NO
258,DC,.,PUNCT,NO,bale,NOUN,NO,karşı,ADP,NO,bir,DET,NO,yetenek,NOUN,NO,ol,VERB,NO
259,NDC,ilkokul,NOUN,NO,başla,VERB,NO,yaş,ADJ,NO,gel,VERB,NO,.,PUNCT,NO,turizm,PROPN,YES
260,NDC,.,PUNCT,NO,bu,PRON,NO,biri,PRON,NO,ben,VERB,NO,ve,CCONJ,NO,mütercim,NOUN,NO
261,NDC,gibi,ADP,NO,memuriyet,NOUN,NO,hayat,NOUN,NO,fazla,ADV,NO,düşün,VERB,NO,dolu,ADJ,NO
262,DC,bir,DET,NO,sarsıntı,NOUN,NO,geçir,VERB,NO,toparla,VERB,NO,fazla,ADV,NO,uzun,ADJ,NO
263,NDC,bir,DET,NO,gün,NOUN,NO,Meltem,PROPN,YES,ara,VERB,NO,ora,PRON,NO,çağır,VERB,NO
264,NDC,taze,ADJ,NO,tut,VERB,NO,kaset,NOUN,NO,yardım,NOUN,NO,ol,VERB,NO,elbette,ADV,NO
265,NDC,.,PUNCT,NO,Recep,PROPN,YES,Gökgöz,PROPN,YES,o,PRON,NO,biri,VERB,NO,.,PUNCT,NO
266,NDC,ben,PRON,NO,.,PUNCT,NO,çok,ADV,NO,başarılı,ADJ,NO,ol,VERB,NO,üstelik,ADV,NO
267,DC,ilkokul,NOUN,NO,4-B,NOUN,NO,sınıf,NOUN,NO,bambaşka,ADJ,NO,bir,DET,NO,dünya,VERB,NO
268,NDC,romantik,ADJ,NO,sevgili,NOUN,NO,gündüz,NOUN,NO,Meltem,PROPN,YES,ad(II),NOUN,NO,başka,ADJ,NO
269,NDC,.,PUNCT,NO,iki,NUM,NO,için,ADP,NO,çok,ADV,NO,derin,ADJ,NO,anlam,NOUN,NO
270,DC,ve,CCONJ,NO,lise,NOUN,NO,eğitim,NOUN,NO,yine,ADV,NO,ora,PRON,NO,tamamla,VERB,NO
271,NDC,üstelik,ADV,NO,hukuk,NOUN,NO,fakülte,NOUN,NO,yarım,ADJ,NO,bırak,VERB,NO,anneanne,NOUN,NO
272,NDC,mi,AUX,NO,?,PUNCT,NO,ben,PRON,NO,geveze,VERB,NO,o,PRON,NO,.,PUNCT,NO
273,DC,arkadaş,NOUN,NO,defalarca,ADV,NO,gör,VERB,NO,şu,DET,NO,Osman,PROPN,YES,a,INTJ,NO
274,NDC,ara,VERB,NO,ama,CCONJ,NO,kaset,NOUN,NO,bul,VERB,NO,o,PRON,NO,.,PUNCT,NO
275,NDC,sonra,ADP,NO,bu,DET,NO,kez,NOUN,NO,zekâma,NOUN,NO,hayran,ADJ,NO,ol,VERB,NO
276,NDC,zar,NOUN,NO,zor,ADJ,NO,bir,DET,NO,kül,NOUN,NO,tabla,NOUN,NO,edin,VERB,NO
277,DC,.,PUNCT,NO,gece,NOUN,NO,diren,VERB,NO,ertesi,ADJ,NO,gün,NOUN,NO,yine,ADV,NO
278,DC,dek,ADP,NO,kendi,PRON,NO,tut,VERB,NO,içeri,NOUN,NO,gir,VERB,NO,gir,VERB,NO
279,NDC,bu,DET,NO,okul,NOUN,NO,gir,VERB,NO,uygula,VERB,NO,ara,ADJ,NO,fark,NOUN,NO
280,NDC,okul,NOUN,NO,öğrenci,NOUN,NO,üzer,NOUN,NO,gerçek,VERB,NO,sonra,ADP,NO,sonuç,NOUN,NO
281,DC,can,NOUN,NO,yak,VERB,NO,ol,VERB,NO,söz,NOUN,NO,ekle,VERB,NO,.,PUNCT,NO
282,DC,gibi,ADP,NO,alçak,ADJ,NO,semt,NOUN,NO,yağış,NOUN,NO,yüz,NOUN,NO,kimi,DET,NO
283,DC,hız,ADJ,NO,tramvay,NOUN,NO,sefer,NOUN,NO,sabah,NOUN,NO,saat,NOUN,NO,yağış,NOUN,NO
284,DC,.,PUNCT,NO,bazı,DET,NO,semt,NOUN,NO,ev,NOUN,NO,ve,CCONJ,NO,işyer,NOUN,NO
285,DC,benze,VERB,NO,bir,DET,NO,haber,NOUN,NO,yukarı,ADJ,NO,belir,VERB,NO,tarih,NOUN,NO
286,NDC,sev,VERB,NO,bu,DET,NO,neden,NOUN,NO,laik,ADJ,NO,demokratik,ADJ,NO,cumhuriyet,NOUN,NO
287,NDC,öğrenci,NOUN,NO,ve,CCONJ,NO,öğretici,NOUN,NO,deri,ADJ,NO,sars,VERB,NO,çok,ADV,NO
288,NDC,bir,DET,NO,konu,NOUN,NO,ya,CCONJ,NO,nesne,NOUN,NO,yönelik,ADP,NO,tutum,NOUN,NO
289,NDC,eğilim,NOUN,NO,yaklaşım,NOUN,NO,ya,CCONJ,NO,dünya,NOUN,NO,görüş,NOUN,NO,gibi,ADP,NO
290,DC,Erdoğan,PROPN,YES,Gül,PROPN,YES,kabine,NOUN,NO,büyük,ADJ,NO,ölçü,NOUN,NO,değiş,VERB,NO
291,NDC,2002,NUM,NO,tarih,NOUN,NO,rapor,NOUN,NO,köprü,NOUN,NO,titreşim,NOUN,NO,gider,VERB,NO
292,NDC,AKP,PROPN,YES,hükümet,NOUN,NO,2003,NUM,NO,Erdoğan,PROPN,YES,kabin,NOUN,NO,oluşum,NOUN,NO
293,NDC,gel,VERB,NO,hasta,ADJ,NO,turizm,NOUN,NO,ekle,VERB,NO,sorumluluk,NOUN,NO,sigorta,NOUN,NO
294,NDC,konu,NOUN,NO,unsur,NOUN,NO,az,ADV,NO,ol,VERB,NO,mahkeme,NOUN,NO,sonuç,NOUN,NO
295,NDC,unut,VERB,NO,davranış,NOUN,NO,ya,CCONJ,NO,tutum,NOUN,NO,bu,DET,NO,okul,NOUN,NO
296,NDC,.,PUNCT,NO,Kibris,PROPN,YES,sorun,NOUN,NO,benze,VERB,NO,bir,DET,NO,anlayış,NOUN,NO
297,NDC,Yunanistan,PROPN,YES,ol,VERB,NO,bu,PRON,NO,Ab,NOUN,NO,üye,NOUN,NO,.,PUNCT,NO
298,DC,ve,CCONJ,NO,kanun,NOUN,NO,arka,ADJ,NO,geçmiş,ADJ,NO,kal,VERB,NO,bir,DET,NO
299,NDC,.,PUNCT,NO,ünlü,ADJ,NO,YSK,NOUN,NO,3,NUM,NO,Kasim,PROPN,YES,seçim,NOUN,NO
300,DC,seçim,NOUN,NO,dürüstlük,NOUN,NO,ilke,NOUN,NO,zedelen,VERB,NO,diye,ADP,NO,konuş,VERB,NO
301,DC,.,PUNCT,NO,bu,PRON,NO,zarar,NOUN,NO,hep,ADV,NO,birlikte,ADV,NO,çek,VERB,NO
302,NDC,izle,VERB,NO,neden,ADV,NO,biz,PRON,NO,böyle,ADV,NO,davran,VERB,NO,diye,ADP,NO
303,DC,genel,ADJ,NO,başkan,NOUN,NO,ol,VERB,NO,mümkün,ADJ,NO,ol,VERB,NO,işaret,NOUN,NO
304,NDC,al,VERB,NO,gerek,VERB,NO,o,PRON,NO,görüş,VERB,NO,de,VERB,NO,.,PUNCT,NO
305,NDC,Hindistan,PROPN,YES,74,NUM,NO,Bangladeş,PROPN,YES,13,NUM,NO,kişi,NOUN,NO,öl,VERB,NO
306,DC,baht,NOUN,NO,kazan,VERB,NO,söz,NOUN,NO,at,NOUN,NO,koş,VERB,NO,devlet,NOUN,NO
307,DC,Türkiye,PROPN,YES,jokey,PROPN,YES,kulüp,NOUN,NO,hisse,NOUN,NO,al,VERB,NO,.,PUNCT,NO
308,DC,Türkiye,PROPN,YES,Jokey,PROPN,YES,kulüp,NOUN,NO,149,NUM,NO,trilyon,NUM,NO,lira,NOUN,NO
309,NDC,sayı,NOUN,NO,İlhan,PROPN,YES,Selçuk,PROPN,YES,40,NUM,NO,yıl,NOUN,NO,beri,ADP,NO
310,DC,İstanbul,PROPN,YES,Alman,ADJ,NO,başkonsolosluk,NOUN,NO,iki,NUM,NO,dil,NOUN,NO,parça,NOUN,NO
311,DC,toplantı,NOUN,NO,aç,NOUN,NO,konuş,VERB,NO,ilginç,VERB,NO,.,PUNCT,NO,Almanya,PROPN,YES
312,NDC,bölüm,NOUN,NO,Fran,ADJ,NO,temsilci,NOUN,NO,bir,DET,NO,bölüm,NOUN,NO,oku,VERB,NO
313,DC,.,PUNCT,NO,bu,DET,NO,durum,NOUN,NO,seçim,NOUN,NO,dürüstlük,NOUN,NO,ilke,NOUN,NO
314,NDC,bugün,NOUN,NO,ve,CCONJ,NO,yarın,NOUN,NO,etkili,ADJ,NO,olacak,ADJ,NO,ve,CCONJ,NO
315,DC,.,PUNCT,NO,güney,PROPN,YES,Asya,PROPN,YES,dondur,NOUN,NO,soğuk,NOUN,NO,etki,NOUN,NO
316,NDC,düşür,VERB,NO,son,ADJ,NO,olarak,ADP,NO,Afganistan,PROPN,YES,operasyon,NOUN,NO,.,PUNCT,NO
317,NDC,işlem,NOUN,NO,vergi,NOUN,NO,olarak,ADP,NO,33,NUM,NO,0.8,NUM,NO,trilyon,NUM,NO
318,DC,.,PUNCT,NO,Tufan,PROPN,YES,Algan,PROPN,YES,3,NUM,NO,kasım,NOUN,NO,ile,CCONJ,NO
319,DC,gibi,ADP,NO,ev,NOUN,NO,alet,NOUN,NO,bulun,VERB,NO,ön,ADJ,NO,sür,VERB,NO
320,DC,şekil,NOUN,NO,bit,VERB,NO,evlilik,NOUN,NO,var,VERB,NO,ama,CCONJ,NO,bu,PRON,NO
321,NDC,örf,NOUN,NO,ve,CCONJ,NO,adet,NOUN,NO,etki,NOUN,NO,durum,NOUN,NO,daha,ADV,NO
322,DC,ile,CCONJ,NO,ara,VERB,NO,kayıt,NOUN,NO,düşür,VERB,NO,Çakici,PROPN,YES,işlem,NOUN,NO
323,DC,Çakici,PROPN,YES,bu,DET,NO,suç,NOUN,NO,iade,NOUN,NO,talep,NOUN,NO,et,VERB,NO
324,NDC,bul,VERB,NO,işçi,NOUN,NO,kriz,NOUN,NO,etki,NOUN,NO,7,NUM,NO,bin,NUM,NO
325,DC,yayımla,VERB,NO,.,PUNCT,NO,İsteyen,VERB,NO,telekonferans,NOUN,NO,an,NOUN,NO,ihale,NOUN,NO
326,NDC,Yunanistan,PROPN,YES,gibi,ADP,NO,ülke,NOUN,NO,fuar,NOUN,NO,çek,VERB,NO,iste,VERB,NO
327,DC,al,VERB,NO,önceki,ADJ,NO,gün,NOUN,NO,tahliye,NOUN,NO,et,VERB,NO,serbest,ADJ,NO
328,DC,üç,NUM,NO,beş,NUM,NO,kur,NOUN,NO,karın,NOUN,NO,doy,VERB,NO,.,PUNCT,NO
329,NDC,Çakici,PROPN,YES,iki,NUM,NO,gece,NOUN,NO,emniyet,NOUN,NO,geçir,VERB,NO,.,PUNCT,NO
330,DC,öğren,VERB,NO,.,PUNCT,NO,savcılık,NOUN,NO,Çakici,PROPN,YES,durum,NOUN,NO,değer,VERB,NO
331,DC,gir,VERB,NO,boşa,VERB,NO,dava,NOUN,NO,göz,NOUN,NO,ön,ADJ,NO,bulundur,VERB,NO
332,NDC,göz,NOUN,NO,kaç,VERB,NO,boşan,VERB,NO,bir,DET,NO,süre,NOUN,NO,sonra,ADP,NO
333,DC,bir,DET,NO,evlilik,NOUN,NO,çocuk,NOUN,NO,bir,DET,NO,tampon,NOUN,NO,ol,VERB,NO
334,NDC,.,PUNCT,NO,beş,NUM,NO,komutan,NOUN,NO,türban,NOUN,NO,konu,NOUN,NO,konuş,VERB,NO
335,DC,müessese,NOUN,NO,yürü,VERB,NO,yürü,VERB,NO,.,PUNCT,NO,bireysel,ADJ,NO,mutsuzluk,NOUN,NO
336,DC,ver,VERB,NO,.,PUNCT,NO,CHP,PROPN,YES,sıcak,ADJ,NO,bak,VERB,NO,.,PUNCT,NO
337,DC,temsilci,NOUN,NO,Fikret,PROPN,YES,Bila,PROPN,YES,Arinç,PROPN,YES,ara,VERB,NO,bir,DET,NO
338,DC,iste,VERB,NO,bu,DET,NO,söyle,VERB,NO,yaz,VERB,NO,ancak,CCONJ,NO,teyp,NOUN,NO
339,DC,ancak,CCONJ,NO,teyp,NOUN,NO,ifade,NOUN,NO,yaz,VERB,NO,zor,VERB,NO,karşılık,NOUN,NO
340,DC,ver,VERB,NO,.,PUNCT,NO,Arinç,PROPN,YES,kasıt,NOUN,NO,Erbakan,PROPN,YES,Erdoğan,PROPN,YES
341,NDC,kefe,NOUN,NO,koy,VERB,NO,ol,VERB,NO,yaz,VERB,NO,sevin,VERB,NO,karşılık,NOUN,NO
342,DC,oy,NOUN,NO,ulaş,VERB,NO,de,VERB,NO,yanlış,VERB,NO,.,PUNCT,NO,biz,PRON,NO
343,DC,Şahin,PROPN,YES,IMF,NOUN,NO,iste,VERB,NO,iste,VERB,NO,de,CCONJ,NO,kamu,NOUN,NO
344,NDC,resmi,ADJ,NO,yetki,ADJ,NO,taraf,NOUN,NO,yap,VERB,NO,fayda,NOUN,NO,olacak,ADJ,NO
345,NDC,ın,ADP,NO,teyp,NOUN,NO,kayt,NOUN,NO,yer,NOUN,NO,al,VERB,NO,söz,NOUN,NO
346,DC,gel,VERB,NO,başkan,NOUN,NO,aday,NOUN,NO,dirsek,NOUN,NO,temas,NOUN,NO,geç,VERB,NO
347,DC,devlet,NOUN,NO,devamlılık,NOUN,NO,esas,NOUN,NO,gözar,VERB,NO,et,VERB,NO,.,PUNCT,NO
348,DC,.,PUNCT,NO,sosyal,ADJ,NO,boyut,NOUN,NO,ihmal,NOUN,NO,et,VERB,NO,de,VERB,NO
349,NDC,.,PUNCT,NO,türban,NOUN,NO,konu,NOUN,NO,aç,VERB,NO,komutan,NOUN,NO,bu,DET,NO
350,NDC,ve,CCONJ,NO,dört,NUM,NO,komutan,NOUN,NO,bu,DET,NO,konu,NOUN,NO,söz,NOUN,NO
351,NDC,Ahmet,PROPN,YES,Necdet,PROPN,YES,Sezer,PROPN,YES,türban,NOUN,NO,tartış,VERB,NO,bit,VERB,NO
352,NDC,karşıla,VERB,NO,bazı,DET,NO,partili,ADJ,NO,aynı,ADJ,NO,coşku,NOUN,NO,yeni,ADJ,NO
353,NDC,yardımcı,NOUN,NO,Ertuğrul,PROPN,YES,Yalçinbayir,PROPN,YES,oku,VERB,NO,ifade,NOUN,NO,anlam,NOUN,NO
354,NDC,.,PUNCT,NO,sosyal,ADJ,NO,demokrat,NOUN,NO,ANAP,PROPN,YES,tan,NOUN,NO,da,CCONJ,NO
355,NDC,bu,DET,NO,başlık,NOUN,NO,çok,ADV,NO,anlam,ADJ,NO,bir,NUM,NO,şey,NOUN,NO
356,NDC,sonra,ADP,NO,Tayyip,PROPN,YES,Bey,PROPN,YES,isim,NOUN,NO,gel,VERB,NO,iki,NUM,NO
357,NDC,isim,NOUN,NO,gel,VERB,NO,iki,NUM,NO,aynı,ADJ,NO,kefe,NOUN,NO,kon,VERB,NO
358,NDC,ara,ADJ,NO,Leylâ,PROPN,YES,Zana,PROPN,YES,bulun,VERB,NO,DEP,PROPN,YES,milletvekil,NOUN,NO
359,NDC,ve,CCONJ,NO,Bddk,PROPN,YES,taraf,NOUN,NO,İnternet,NOUN,NO,site,NOUN,NO,kon,VERB,NO
360,NDC,o,AUX,NO,ki,CCONJ,NO,şimdi,ADV,NO,Türk,ADJ,NO,ordu,NOUN,NO,bahane,NOUN,NO
361,NDC,Mustafa,PROPN,YES,Sarigül,PROPN,YES,şimdi,ADV,NO,CHP,PROPN,YES,saf,NOUN,NO,yer,NOUN,NO
362,DC,gel,VERB,NO,.,PUNCT,NO,kahve,NOUN,NO,çok,ADV,NO,iyi,ADJ,NO,servis,NOUN,NO
363,NDC,ayrıl,VERB,NO,bayram,NOUN,NO,sonra,ADP,NO,düğün,NOUN,NO,yap,VERB,NO,de,VERB,NO
364,DC,lira,NOUN,NO,kadar,ADP,NO,gerile,VERB,NO,borsa,NOUN,NO,umut,NOUN,NO,artır,VERB,NO
365,NDC,başkan,NOUN,NO,yardımlıcık,NOUN,NO,bir,DET,NO,üyelik,NOUN,NO,boş,ADJ,NO,bulun,VERB,NO
366,NDC,hamam,NOUN,NO,isimli,ADJ,NO,mağaza,NOUN,NO,aç,VERB,NO,belir,VERB,NO,.,PUNCT,NO
367,DC,kirala,VERB,NO,.,PUNCT,NO,dünya,NOUN,NO,bu,PRON,NO,örnek,NOUN,NO,var,ADJ,NO
368,NDC,hamam,NOUN,NO,marka,ADJ,NO,sabun,NOUN,NO,yer,NOUN,NO,al,VERB,NO,.,PUNCT,NO
369,DC,taşı,VERB,NO,yatırım,NOUN,NO,fon,NOUN,NO,yok,ADJ,NO,değil,AUX,NO,.,PUNCT,NO
370,NDC,marka,NOUN,NO,.,PUNCT,NO,diğer,NOUN,NO,beraber,ADV,NO,projelen,VERB,NO,başla,VERB,NO
371,NDC,talep,NOUN,NO,etki,NOUN,NO,içeri,NOUN,NO,bono,NOUN,NO,faiz,NOUN,NO,gerile,VERB,NO
372,DC,başla,VERB,NO,görüşme,NOUN,NO,seyir,NOUN,NO,endeks,NOUN,NO,kısa,ADJ,NO,vade,NOUN,NO
373,NDC,ol,VERB,NO,borç,NOUN,NO,servis,NOUN,NO,sorunsuz,ADJ,NO,gerçekleş,VERB,NO,için,ADP,NO
374,DC,IMF,PROPN,YES,yap,VERB,NO,görüşme,NOUN,NO,gerilim,NOUN,NO,yaşa,VERB,NO,kanı,NOUN,NO
375,DC,.,PUNCT,NO,borsa,NOUN,NO,Ab,PROPN,YES,bir,NUM,NO,sürpriz,NOUN,NO,gel,VERB,NO
376,DC,tercih,NOUN,NO,portföy,NOUN,NO,yönetici,NOUN,NO,paylaş,VERB,NO,ol,VERB,NO,.,PUNCT,NO
377,DC,.,PUNCT,NO,fon,NOUN,NO,yönetici,NOUN,NO,kendi,PRON,NO,tanı,VERB,NO,sınır,NOUN,NO
378,DC,her,DET,NO,gün,NOUN,NO,ayarla,VERB,NO,unut,VERB,NO,gerek,VERB,NO,.,PUNCT,NO
379,DC,ara,VERB,NO,aç,VERB,NO,dava,NOUN,NO,hukuk,NOUN,NO,mücadele,NOUN,NO,ver,VERB,NO
380,DC,komisyon,NOUN,NO,üye,NOUN,NO,Şirin,PROPN,YES,büyükelçilik,NOUN,NO,kendi,PRON,NO,ara,VERB,NO
381,NDC,kol,NOUN,NO,geçir,VERB,NO,kemer,NOUN,NO,koltuk,NOUN,NO,sıkıca,ADV,NO,bağla,VERB,NO
382,NDC,gemi,NOUN,NO,iniş,NOUN,NO,sıra,NOUN,NO,tekerlek,NOUN,NO,aç,VERB,NO,bir,DET,NO
383,NDC,.,PUNCT,NO,Kenan,PROPN,YES,Ömürlü,PROPN,YES,bulun,VERB,NO,bil,VERB,NO,.,PUNCT,NO
384,NDC,özel,ADJ,NO,yaşam,NOUN,NO,hastane,NOUN,NO,görev,NOUN,NO,yap,VERB,NO,ifade,NOUN,NO
385,NDC,.,PUNCT,NO,Yusuf,PROPN,YES,Erzurum,PROPN,YES,daha,ADV,NO,önce,ADV,NO,askeri,ADJ,NO
386,NDC,yap,VERB,NO,göster,VERB,NO,defter,NOUN,NO,el,NOUN,NO,geçir,VERB,NO,.,PUNCT,NO
387,NDC,.,PUNCT,NO,eğlence,NOUN,NO,yer,NOUN,NO,götür,VERB,NO,doktor,NOUN,NO,bu,PRON,NO
388,DC,kullan,VERB,NO,gibi,ADP,NO,göster,VERB,NO,tespit,NOUN,NO,et,VERB,NO,.,PUNCT,NO
389,DC,firma,NOUN,NO,öde,VERB,NO,yap,VERB,NO,sapta,VERB,NO,.,PUNCT,NO,öte,NOUN,NO
390,NDC,kur,VERB,NO,için,ADP,NO,kendi,PRON,NO,harca,VERB,NO,yap,VERB,NO,konu,NOUN,NO
391,DC,.,PUNCT,NO,bu,DET,NO,soruşturma,NOUN,NO,önceki,ADP,NO,takipsizlik,NOUN,NO,karar,NOUN,NO
392,DC,yöntem,NOUN,NO,olarak,ADP,NO,kullan,VERB,NO,izin,NOUN,NO,ver,VERB,NO,.,PUNCT,NO
393,DC,ve,CCONJ,NO,marka,NOUN,NO,yarat,VERB,NO,avantaj,NOUN,NO,sağla,VERB,NO,.,PUNCT,NO
394,DC,proje,NOUN,NO,yükle,VERB,NO,süre,NOUN,NO,özellikle,ADV,NO,yatılı,ADJ,NO,oku,VERB,NO
395,NDC,doğrultu,NOUN,NO,sömestr,NOUN,NO,tatil,NOUN,NO,iç,ADJ,NO,al,VERB,NO,şekil,NOUN,NO
396,NDC,kanser,NOUN,NO,ol,VERB,NO,Leylâ,PROPN,YES,sağ,NOUN,NO,o,PRON,NO,biri…,NUM,NO
397,NDC,sonra,ADP,NO,bu,DET,NO,kez,NOUN,NO,doktor,NOUN,NO,in,VERB,NO,.,PUNCT,NO
398,NDC,.,PUNCT,NO,Abd,NOUN,NO,Irakl,ADJ,NO,Saddam,PROPN,YES,kurtar,VERB,NO,tez,NOUN,NO
399,DC,başka,ADP,NO,seçenek,NOUN,NO,ol,VERB,NO,düşün,VERB,NO,.,PUNCT,NO,iki,NUM,NO
400,NDC,bulut,NOUN,NO,kıyasla,VERB,NO,çok,ADV,NO,ürk,VERB,NO,değil,AUX,NO,.,PUNCT,NO
401,NDC,önce,ADV,NO,İran,PROPN,YES,ardından,ADV,NO,Abd,NOUN,NO,ile,CCONJ,NO,çatış,VERB,NO
402,NDC,durum,NOUN,NO,.,PUNCT,NO,belki,ADV,NO,bu,DET,NO,yüz,NOUN,NO,savaş,NOUN,NO
403,DC,kilometre,NOUN,NO,.,PUNCT,NO,bu,PRON,NO,uçak,NOUN,NO,iniş,NOUN,NO,için,ADP,NO
404,DC,hak,NOUN,NO,eğitimli,ADJ,NO,ol,VERB,NO,bu,DET,NO,radar,NOUN,NO,hukuken,ADV,NO
405,NDC,gerek,VERB,NO,.,PUNCT,NO,o,PRON,NO,ancak,ADV,NO,1,NUM,NO,0.5,NUM,NO
406,NDC,.,PUNCT,NO,o,DET,NO,zaman,NOUN,NO,ön,ADJ,NO,ihale,NOUN,NO,yasa,NOUN,NO
407,DC,görüş,NOUN,NO,ve,CCONJ,NO,istek,NOUN,NO,bu,DET,NO,yönde,VERB,NO,.,PUNCT,NO
408,NDC,meyhane,NOUN,NO,ve,CCONJ,NO,meyhaneci,NOUN,NO,yer,NOUN,NO,ver,VERB,NO,.,PUNCT,NO
409,DC,diğer,ADJ,NO,bir,DET,NO,yön,NOUN,NO,günlük,ADJ,NO,dil,NOUN,NO,çok,ADV,NO
410,NDC,bura,NOUN,NO,askeri,ADJ,NO,kamp,NOUN,NO,çok,ADV,NO,güzel,VERB,NO,.,PUNCT,NO
411,DC,çarpıklık,NOUN,NO,ait,ADP,NO,fotoğraf,NOUN,NO,yer,NOUN,NO,ver,VERB,NO,.,PUNCT,NO
412,DC,al,VERB,NO,bazı,DET,NO,yazı,NOUN,NO,yer,NOUN,NO,ver,VERB,NO,.,PUNCT,NO
413,DC,yer,NOUN,NO,.,PUNCT,NO,ben,PRON,NO,git,VERB,NO,.,PUNCT,NO,herkes,NOUN,NO
414,NDC,bura,PRON,NO,bir,DET,NO,pansiyon,NOUN,NO,var,VERB,NO,.,PUNCT,NO,kal,VERB,NO
415,DC,.,PUNCT,NO,yabancı,ADJ,NO,dil,NOUN,NO,benze,VERB,NO,sözlük,NOUN,NO,bulun,VERB,NO
416,DC,bina,NOUN,NO,bu,DET,NO,imkân,NOUN,NO,sağla,VERB,NO,.,PUNCT,NO,yirmi,NUM,NO
417,DC,anket,NOUN,NO,doğal,ADJ,NO,olay,NOUN,NO,geç,VERB,NO,.,PUNCT,NO,son,ADJ,NO
418,DC,bazı,DET,NO,gazete,NOUN,NO,internet,NOUN,NO,yayın,NOUN,NO,yap,VERB,NO,başla,VERB,NO
419,DC,.,PUNCT,NO,bu,DET,NO,eser,NOUN,NO,bu,DET,NO,yıl,NOUN,NO,içeri,NOUN,NO
420,DC,.,PUNCT,NO,bu,DET,NO,sayı,NOUN,NO,özel,ADJ,NO,sayı,NOUN,NO,olarak,ADP,NO
421,DC,primitif,NOUN,NO,olarak,ADP,NO,ad,VERB,NO,ol,VERB,NO,.,PUNCT,NO,kişi,NOUN,NO
422,DC,pek,ADV,NO,güven,NOUN,NO,duy,VERB,NO,açık,VERB,NO,.,PUNCT,NO,dil,NOUN,NO
423,DC,otur,VERB,NO,.,PUNCT,NO,maiyet,NOUN,NO,kenar,ADJ,NO,sıralan,VERB,NO,.,PUNCT,NO
424,DC,kelime,NOUN,NO,gir,VERB,NO,mi,AUX,NO,bir,NUM,NO,tane,NOUN,NO,bile,ADV,NO
425,DC,ol,VERB,NO,.,PUNCT,NO,tenkit,PROPN,YES,et,VERB,NO,.,PUNCT,NO,haklı,ADJ,NO
426,DC,düşün,VERB,NO,bir,DET,NO,örnek,VERB,NO,.,PUNCT,NO,bozuk,ADJ,NO,imaj,NOUN,NO
427,DC,şair,NOUN,NO,şiir,NOUN,NO,yayımla,VERB,NO,eleştiri,NOUN,NO,konu,NOUN,NO,et,VERB,NO
428,DC,türkçesi,NOUN,NO,elbette,ADV,NO,anlam,NOUN,NO,kullan,VERB,NO,.,PUNCT,NO,kanaat,NOUN,NO
429,DC,evet,NOUN,NO,eleştir,VERB,NO,eleştir,VERB,NO,devrim,NOUN,NO,söz,NOUN,NO,neden,ADV,NO
430,DC,çok,ADJ,NO,kere,NOUN,NO,başarılı,ADJ,NO,ol,VERB,NO,.,PUNCT,NO,ancak,CCONJ,NO
431,DC,toplumsal,ADJ,NO,değişme,VERB,NO,edebiyat,NOUN,NO,nasip,NOUN,NO,al,VERB,NO,.,PUNCT,NO
432,DC,ortak,ADJ,NO,söz,NOUN,NO,yap,VERB,NO,esas,VERB,NO,.,PUNCT,NO,Uluslararasi,ADJ,NO
433,DC,bu,DET,NO,araştır,VERB,NO,dergi,NOUN,NO,yayımla,VERB,NO,.,PUNCT,NO,ülke,NOUN,NO
434,DC,paramparça,NOUN,NO,et,VERB,NO,haçı,NOUN,NO,iste,VERB,NO,.,PUNCT,NO,haç,ADJ,NO
435,NDC,yönelik,ADP,NO,dış,ADJ,NO,bil,VERB,NO,değil,VERB,NO,.,PUNCT,NO,Alexa,PROPN,YES
436,DC,ince,ADJ,NO,bir,DET,NO,ruh,NOUN,NO,sahip,VERB,NO,.,PUNCT,NO,çok,ADV,NO
437,DC,.,PUNCT,NO,boş,ADJ,NO,dur,VERB,NO,.,PUNCT,NO,boynuz,NOUN,NO,kulak,NOUN,NO
438,DC,pek,ADV,NO,çok,ADJ,NO,tahmin,NOUN,NO,doğru,ADJ,NO,çık,VERB,NO,.,PUNCT,NO
439,DC,uy,VERB,NO,torun,NOUN,NO,kork,VERB,NO,yatak,NOUN,NO,ayakkabı,NOUN,NO,gir,VERB,NO
440,DC,başta,ADV,NO,belli,ADJ,NO,ol,VERB,NO,ev,NOUN,NO,tut,VERB,NO,.,PUNCT,NO
441,DC,gol,NOUN,NO,ara,VERB,NO,bul,VERB,NO,.,PUNCT,NO,defans,NOUN,NO,orta,ADJ,NO
442,DC,büyük,ADJ,NO,ölçü,NOUN,NO,bul,VERB,NO,.,PUNCT,NO,ama,CCONJ,NO,o,DET,NO
443,DC,kayıtsız,ADJ,NO,kal,VERB,NO,kal,VERB,NO,.,PUNCT,NO,dert,NOUN,NO,büyü,VERB,NO
444,DC,değil,VERB,NO,yalnız,ADV,NO,kal,VERB,NO,.,PUNCT,NO,o,PRON,NO,çok,ADJ,NO
445,DC,at,VERB,NO,değil,VERB,NO,at,VERB,NO,zaten,ADV,NO,.,PUNCT,NO,yalnızca,ADV,NO
446,NDC,ilgilen,VERB,NO,.,PUNCT,NO,bu,PRON,NO,ilgilen,VERB,NO,tabi,ADJ,NO,ama,CCONJ,NO
447,DC,meğer,CCONJ,NO,biz,PRON,NO,bil,VERB,NO,eksik,VERB,NO,!,PUNCT,NO,başta,ADV,NO
448,DC,hayat,NOUN,NO,geç,VERB,NO,yön,NOUN,NO,yoğun,ADJ,NO,bir,DET,NO,diplomasi,NOUN,NO
449,DC,.,PUNCT,NO,bir,DET,NO,puan,NOUN,NO,çok,ADV,NO,şükür,NOUN,NO,de,VERB,NO
450,DC,var,ADJ,NO,.,PUNCT,NO,o,PRON,NO,git,VERB,NO,global,VERB,NO,dünya,NOUN,NO
451,DC,program,NOUN,NO,diğer,ADJ,NO,oynatıcı,NOUN,NO,destekle,VERB,NO,.,PUNCT,NO,i̇çerik,NOUN,NO
452,DC,maç,NOUN,NO,kazan,VERB,NO,deplasman,NOUN,NO,galibiyet,NOUN,NO,al,VERB,NO,final,NOUN,NO
453,DC,yaş,ADJ,NO,İbrahim,PROPN,YES,Aymaz,PROPN,YES,televizyon,NOUN,NO,izle,VERB,NO,uzunca,ADJ,NO
454,DC,bu,DET,NO,dal,NOUN,NO,rekor,NOUN,NO,el,NOUN,NO,geçir,VERB,NO,.,PUNCT,NO
455,DC,da,CCONJ,NO,bulun,VERB,NO,Steviç,PROPN,YES,antrenman,NOUN,NO,yer,NOUN,NO,al,VERB,NO
456,DC,baş,NOUN,NO,düş,VERB,NO,kaplumbağa,NOUN,NO,bu,DET,NO,kartal,ADJ,NO,at,VERB,NO
457,DC,.,PUNCT,NO,bütçe,NOUN,NO,toplam,NOUN,NO,öngör,VERB,NO,ve,CCONJ,NO,toplam,NOUN,NO
458,DC,kesinleş,VERB,NO,.,PUNCT,NO,ekmek,NOUN,NO,diğer,ADJ,NO,tüm,DET,NO,gıda,NOUN,NO
459,DC,ve,CCONJ,NO,göz,NOUN,NO,etraf,NOUN,NO,uygulama,NOUN,NO,unut,VERB,NO,.,PUNCT,NO
460,NDC,gör,VERB,NO,ve,CCONJ,NO,bil,VERB,NO,...,PUNCT,NO,ad,NOUN,NO,tam,ADV,NO
461,DC,et,VERB,NO,ikna,NOUN,NO,et,VERB,NO,yarışma,NOUN,NO,sal,VERB,NO,kardeş,NOUN,NO
462,DC,kat,VERB,NO,konuk,NOUN,NO,gösteri,NOUN,NO,şenlik,NOUN,NO,başarı,NOUN,NO,at,VERB,NO
463,DC,kadar,ADP,NO,görev,NOUN,NO,yer,NOUN,NO,terket,VERB,NO,.,PUNCT,NO,biz,PRON,NO
464,NDC,.,PUNCT,NO,artık,ADV,NO,söz,NOUN,NO,ters,NOUN,NO,göster,VERB,NO,...,PUNCT,NO
465,DC,telsiz,NOUN,NO,babyphone,NOUN,NO,olarak,ADP,NO,kullan,VERB,NO,mümkün,ADJ,NO,.,PUNCT,NO
466,DC,bu,PRON,NO,özerklik,NOUN,NO,olarak,ADP,NO,gör,VERB,NO,.,PUNCT,NO,İnşallah,NOUN,NO
467,DC,ince,ADJ,NO,araştır,VERB,NO,araştır,VERB,NO,.,PUNCT,NO,not,NOUN,NO,tut,VERB,NO
468,DC,taraf,NOUN,NO,fotoğraf,NOUN,NO,ol,VERB,NO,habersiz,ADJ,NO,.,PUNCT,NO,üstelik,ADV,NO
469,DC,erişkin,NOUN,NO,lokal,ADJ,NO,anestezi,NOUN,NO,uygun,ADJ,NO,ol,VERB,NO,.,PUNCT,NO
470,DC,.,PUNCT,NO,diğer,ADJ,NO,zaman,NOUN,NO,beraber,VERB,NO,.,PUNCT,NO,iç,NOUN,NO
471,DC,şimdi,ADV,NO,iç,VERB,NO,bar,NOUN,NO,çal,VERB,NO,.,PUNCT,NO,şimdi,ADV,NO
472,DC,borç,NOUN,NO,öde,VERB,NO,alacak,ADJ,NO,yasadışı,ADJ,NO,yol,NOUN,NO,başvur,VERB,NO
473,NDC,üst,ADJ,NO,tek,ADJ,NO,bayan,NOUN,NO,Rus,ADJ,NO,Maria,PROPN,YES,Sharapova,PROPN,YES
474,DC,ait,ADP,NO,bu,DET,NO,kaset,NOUN,NO,Akşener,PROPN,YES,taraf,NOUN,NO,deşifre,NOUN,NO
475,DC,in,VERB,NO,.,PUNCT,NO,bu,PRON,NO,ülke,NOUN,NO,ortalama,ADJ,NO,mevduat,NOUN,NO
476,DC,Özbekistan,PROPN,YES,lider,NOUN,NO,Kerimov,PROPN,YES,Amerikan,ADJ,NO,ordu,NOUN,NO,bir,DET,NO
477,DC,karı,NOUN,NO,üzeri,NOUN,NO,cariye,NOUN,NO,al,VERB,NO,.,PUNCT,NO,kadın,ADJ,NO
478,DC,dakika,NOUN,NO,kadar,ADP,NO,başarılı,ADJ,NO,ol,VERB,NO,.,PUNCT,NO,ama,CCONJ,NO
479,DC,askeri,ADJ,NO,bir,DET,NO,yaptırım,NOUN,NO,müracaat,NOUN,NO,et,VERB,NO,.,PUNCT,NO
480,DC,.,PUNCT,NO,bu,PRON,NO,devam,NOUN,NO,gel,VERB,NO,.,PUNCT,NO,Esas,ADJ,NO
481,NDC,.,PUNCT,NO,bu,DET,NO,yarış,NOUN,NO,NTV,PROPN,YES,den,ADP,NO,naklen,ADJ,NO
482,DC,tüketici,NOUN,NO,piyasa,NOUN,NO,gir,VERB,NO,belir,VERB,NO,.,PUNCT,NO,ABD,PROPN,YES
483,DC,var,VERB,NO,.,PUNCT,NO,imalat,NOUN,NO,yap,VERB,NO,.,PUNCT,NO,imalat,NOUN,NO
484,DC,sıra,NOUN,NO,yaprak,NOUN,NO,olay,NOUN,NO,anla,VERB,NO,yaşlı,ADJ,NO,adam,NOUN,NO
485,DC,ama,CCONJ,NO,geri,ADJ,NO,dön,VERB,NO,arka,ADJ,NO,bak,VERB,NO,nasıl,ADV,NO
486,DC,yay,VERB,NO,tek,ADJ,NO,yol,NOUN,NO,Imf,PROPN,YES,geç,VERB,NO,.,PUNCT,NO
487,DC,.,PUNCT,NO,yağmur,NOUN,NO,yağ,VERB,NO,rahat,NOUN,NO,dinle,VERB,NO,.,PUNCT,NO
488,DC,iş,NOUN,NO,anla,VERB,NO,komisyonculuk,NOUN,NO,iş,NOUN,NO,değil,VERB,NO,.,PUNCT,NO
489,DC,gibi,ADP,NO,görün,VERB,NO,nesne,NOUN,NO,bul,VERB,NO,10,NUM,NO,cm,NOUN,NO
490,DC,yöntem,NOUN,NO,henüz,ADV,NO,tüket,VERB,NO,değil,VERB,NO,.,PUNCT,NO,bölge,NOUN,NO
491,DC,kullan,VERB,NO,.,PUNCT,NO,file,NOUN,NO,bolca,ADV,NO,kullan,VERB,NO,.,PUNCT,NO
492,NDC,kaç,NUM,NO,sınıf,NOUN,NO,ol,VERB,NO,sor,VERB,NO,.,PUNCT,NO,asansör,VERB,NO
493,DC,da,CCONJ,NO,de,VERB,NO,yok,VERB,NO,de,VERB,NO,.,PUNCT,NO,bil,VERB,NO
494,DC,at,VERB,NO,bir,DET,NO,nokta,NOUN,NO,çık,VERB,NO,.,PUNCT,NO,umut,NOUN,NO
495,DC,.,PUNCT,NO,bir,DET,NO,bölge,NOUN,NO,at,VERB,NO,.,PUNCT,NO,eğer,CCONJ,NO
496,DC,.,PUNCT,NO,tırnak,NOUN,NO,kök,NOUN,NO,yer,NOUN,NO,dikil,VERB,NO,.,PUNCT,NO
497,DC,biz,PRON,NO,de,CCONJ,NO,bırak,VERB,NO,kendi,PRON,NO,harem,NOUN,NO,demokrasi,ADJ,NO
498,DC,her,DET,NO,şey,NOUN,NO,bekle,VERB,NO,Turgut,PROPN,YES,Özal,PROPN,YES,tarz,NOUN,NO
499,DC,al,VERB,NO,.,PUNCT,NO,al,VERB,NO,ne,PRON,NO,ol,VERB,NO,?,PUNCT,NO
500,DC,yap,VERB,NO,10,NUM,NO,yapı,ADJ,NO,gör,VERB,NO,şekil,NOUN,NO,.,PUNCT,NO
501,DC,şey,NOUN,NO,mi,AUX,NO,yaz,VERB,NO,ben,PRON,NO,yorum,NOUN,NO,yanlışlık,ADJ,NO
502,DC,.,PUNCT,NO,çok,ADV,NO,güzel,ADJ,NO,bu,DET,NO,iş,NOUN,NO,Türkiye,PROPN,YES
503,DC,melek,NOUN,NO,iş,NOUN,NO,üst,ADJ,NO,o,PRON,NO,.,PUNCT,NO,necdet,PRON,NO
504,DC,da,CCONJ,NO,niçin,ADV,NO,böyle,VERB,NO,daha,ADV,NO,iyi,ADJ,NO,yok,VERB,NO
505,DC,yorum,NOUN,NO,yaz,VERB,NO,bırak,VERB,NO,o,PRON,NO,da,CCONJ,NO,kendi,PRON,NO
506,DC,aş,VERB,NO,daha,ADV,NO,kolay,VERB,NO,tarih,NOUN,NO,geliş,VERB,NO,yön,NOUN,NO
507,DC,derin,NOUN,NO,ad,NOUN,NO,belli,VERB,NO,ben,PRON,NO,henüz,ADV,NO,ecelim,NOUN,NO
508,DC,biri,PRON,NO,nasıl,ADV,NO,ol,VERB,NO,Tbmm,PROPN,YES,hain,ADJ,NO,ilan,NOUN,NO
509,DC,hak,NOUN,NO,sağla,VERB,NO,mi,AUX,NO,bu,DET,NO,profesör,NOUN,NO,diğer,ADJ,NO
510,DC,ol,VERB,NO,söyle,VERB,NO,biz,PRON,NO,kabul,NOUN,NO,et,VERB,NO,.,PUNCT,NO
511,DC,müsvedde,NOUN,NO,hapishane,NOUN,NO,tut,VERB,NO,iç,ADJ,NO,biraz,ADV,NO,ol,VERB,NO
512,DC,.,PUNCT,NO,iyi,ADJ,NO,güzel,ADJ,NO,gelin,VERB,NO,bir,ADV,NO,de,CCONJ,NO
513,DC,iyi,ADJ,NO,gel,VERB,NO,gel,VERB,NO,gel,VERB,NO,keşke,ADV,NO,ol,VERB,NO
514,DC,akıl,NOUN,NO,fikir,NOUN,NO,ver,VERB,NO,iyi,ADJ,NO,bir,NUM,NO,şey,NOUN,NO
515,DC,tehdit,NOUN,NO,et,VERB,NO,ol,VERB,NO,Türk,ADJ,NO,iş,NOUN,NO,hak,NOUN,NO
516,DC,yap,VERB,NO,...,PUNCT,NO,yap,VERB,NO,:,PUNCT,NO,bey,NOUN,NO,siz,ADP,NO
517,DC,Mustafa,PROPN,YES,bey,NOUN,NO,oku,VERB,NO,bir,DET,NO,dinle,VERB,NO,bak,VERB,NO
518,DC,ara,ADJ,NO,sıra,NOUN,NO,gel,VERB,NO,ben,PRON,NO,islamiyet,NOUN,NO,anlat,VERB,NO
519,DC,iyil,VERB,NO,söz,NOUN,NO,et,VERB,NO,yerli,ADJ,NO,sermaye,NOUN,NO,için,ADP,NO
520,DC,.,PUNCT,NO,mesaj,NOUN,NO,yolla,VERB,NO,zabıt,NOUN,NO,kâtip,NOUN,NO,tezkere,NOUN,NO
521,DC,bu,PRON,NO,çok,ADV,NO,çalış,VERB,NO,başka,ADJ,NO,bir,NUM,NO,şey,NOUN,NO
522,DC,sıcak,NOUN,NO,bile,ADV,NO,üşü,VERB,NO,o,PRON,NO,gene,ADV,NO,kendi,PRON,NO
523,DC,387,NUM,NO,kez,NOUN,NO,seyret,VERB,NO,aslında,ADV,NO,o,DET,NO,bağır,NOUN,NO
524,DC,GNU,PROPN,YES,lisans,ADJ,NO,ol,VERB,NO,çok,ADV,NO,büyük,ADJ,NO,bir,DET,NO
525,DC,Namik,PROPN,YES,Kemal,PROPN,YES,söv,VERB,NO,o,DET,NO,edebiyatçı,NOUN,NO,hiçbiri,PRON,NO
526,DC,karşı,ADV,NO,ol,VERB,NO,söyle,VERB,NO,biz,PRON,NO,cahil,NOUN,NO,öğren,VERB,NO
527,DC,eğitim,NOUN,NO,al,VERB,NO,de,VERB,NO,var,VERB,NO,mi,AUX,NO,o,DET,NO
528,DC,hak,NOUN,NO,ne,PRON,NO,bil,VERB,NO,tartış,VERB,NO,?,PUNCT,NO,haydi,INTJ,NO
529,DC,hadi,INTJ,NO,ben,PRON,NO,sor,VERB,NO,sev,VERB,NO,.,PUNCT,NO,nüfus,NOUN,NO
530,DC,biraz,ADV,NO,kendi,PRON,NO,bahset,VERB,NO,insan,NOUN,NO,sen,PRON,NO,de,CCONJ,NO
531,DC,el,NOUN,NO,oyuncak,ADJ,NO,ol,VERB,NO,haber,NOUN,NO,yok,VERB,NO,.,PUNCT,NO
532,DC,film,NOUN,NO,biz,PRON,NO,yap,VERB,NO,gör,VERB,NO,.,PUNCT,NO,film,NOUN,NO
533,DC,Sibel,PROPN,YES,Tüzün,PROPN,YES,götür,VERB,NO,başka,ADJ,NO,kimse,NOUN,NO,götür,VERB,NO
534,DC,anlam,VERB,NO,mi,AUX,NO,gel,VERB,NO,Türkiye,PROPN,YES,böyle,ADV,NO,önem,NOUN,NO
535,DC,yarış,VERB,NO,yarış,ADJ,NO,izle,VERB,NO,ora,PRON,NO,akıl,NOUN,NO,gel,VERB,NO
536,DC,oku,VERB,NO,herkes,NOUN,NO,oku,VERB,NO,bil,VERB,NO,.,PUNCT,NO,hata,NOUN,NO
537,DC,birleş,VERB,NO,kıyak,NOUN,NO,yap,VERB,NO,üz,VERB,NO,.,PUNCT,NO,3600,NUM,NO
538,DC,neyse,ADV,NO,itiraz,NOUN,NO,et,VERB,NO,stepne,NOUN,NO,lastik,NOUN,NO,ver,VERB,NO
539,DC,futbol,NOUN,NO,çocuk,NOUN,NO,açık,NOUN,NO,kamuoy,NOUN,NO,aydınlan,VERB,NO,.,PUNCT,NO
540,DC,işit,VERB,NO,sevindirici,ADJ,NO,ol,VERB,NO,bu,DET,NO,alan,NOUN,NO,yıl,ADV,NO
541,DC,yanlış,NOUN,NO,kamelya,NOUN,NO,de,VERB,NO,Türk,ADJ,NO,basın,NOUN,NO,tartış,VERB,NO
542,DC,kameriye,NOUN,NO,alt,ADJ,NO,gir,VERB,NO,gir,NOUN,NO,bekle,VERB,NO,tercih,NOUN,NO
543,DC,üç,NUM,NO,puan,NOUN,NO,al,VERB,NO,tenkit,NOUN,NO,et,VERB,NO,.,PUNCT,NO
544,DC,diye,ADP,NO,cevap,NOUN,NO,ver,VERB,NO,yeni,ADJ,NO,bir,DET,NO,kardak,NOUN,NO
545,DC,bu,DET,NO,iş,NOUN,NO,bil,VERB,NO,yalnızca,ADV,NO,biz,PRON,NO,mi,AUX,NO
546,DC,beyin,NOUN,NO,yıka,VERB,NO,de,VERB,NO,akıl,NOUN,NO,yaşlı,ADJ,NO,amca,NOUN,NO
547,DC,bir,DET,NO,laf,NOUN,NO,et,VERB,NO,aş,ADJ,NO,iş,NOUN,NO,aç,VERB,NO
548,DC,vur,VERB,NO,.,PUNCT,NO,bırak,VERB,NO,başarı,NOUN,NO,sevinç,NOUN,NO,yaşa,VERB,NO
549,DC,insan,NOUN,NO,öyle,ADV,NO,söyle,VERB,NO,iş,NOUN,NO,icraat,NOUN,NO,gel,VERB,NO
550,DC,çapulcu,NOUN,NO,gibi,ADP,NO,davran,VERB,NO,gör,VERB,NO,bak,VERB,NO,çapulcu,NOUN,NO
551,DC,.,PUNCT,NO,ev,NOUN,NO,git,VERB,NO,televizyon,NOUN,NO,seyret,VERB,NO,.,PUNCT,NO
552,DC,diye,ADP,NO,açıkla,VERB,NO,yap,VERB,NO,ora,PRON,NO,bil,VERB,NO,detay,NOUN,NO
553,DC,yine,ADV,NO,adab,NOUN,NO,git,VERB,NO,bütün,ADJ,NO,o,PRON,NO,en,ADV,NO
554,DC,biraz,ADV,NO,sert,ADJ,NO,bas,VERB,NO,iki,NUM,NO,hafta,NOUN,NO,alçı,NOUN,NO
555,DC,bir,NUM,NO,otobüs,NOUN,NO,bin,VERB,NO,arka,ADJ,NO,ben,PRON,NO,sürtsün,VERB,NO
556,DC,ne,PRON,NO,yap,VERB,NO,bil,VERB,NO,sorun,NOUN,NO,nasıl,ADV,NO,yap,VERB,NO
557,DC,fazla,NOUN,NO,hak,NOUN,NO,et,VERB,NO,bizimki,PRON,NO,şakalaş,VERB,NO,işte,ADV,NO
558,DC,doğru,ADJ,NO,cevap,NOUN,NO,bul,VERB,NO,rahat,ADJ,NO,et,VERB,NO,.,PUNCT,NO
559,DC,bura,NOUN,NO,git,VERB,NO,gel,VERB,NO,neden,ADV,NO,ben,PRON,NO,uğra,VERB,NO
560,DC,kafalı,ADJ,NO,ol,VERB,NO,anla,VERB,NO,bu,PRON,NO,nasıl,ADV,NO,ol,VERB,NO
561,DC,de,VERB,NO,üye,NOUN,NO,yap,VERB,NO,nere,PRON,NO,geçir,VERB,NO,geç,VERB,NO
562,DC,laf,NOUN,NO,çok,ADV,NO,et,VERB,NO,pek,ADV,NO,bu,PRON,NO,topla,VERB,NO
563,DC,başkan,NOUN,NO,ol,VERB,NO,iste,VERB,NO,247,NUM,NO,oy,NOUN,NO,eksik,VERB,NO
564,DC,anne,NOUN,NO,baba,NOUN,NO,söyle,VERB,NO,doktor,NOUN,NO,amca,ADJ,NO,el,NOUN,NO
565,DC,valla,ADV,NO,çabucak,ADV,NO,gir,VERB,NO,gör,VERB,NO,Nejat,PROPN,YES,.,PUNCT,NO
566,DC,biz,PRON,NO,o,PRON,NO,kaybol,VERB,NO,o,PRON,NO,bir,NUM,NO,şey,NOUN,NO
567,DC,bir,NUM,NO,kere,NOUN,NO,dinle,VERB,NO,ne,ADV,NO,güzel,ADJ,NO,soru,NOUN,NO
568,DC,ol,VERB,NO,insan,NOUN,NO,özen,VERB,NO,oku,VERB,NO,de,VERB,NO,.,PUNCT,NO
569,DC,şimdilik,ADV,NO,Milano,PROPN,YES,geç,VERB,NO,Hoca,PROPN,YES,akıl,NOUN,NO,uzun,ADJ,NO
570,DC,!,PUNCT,NO,hele,ADV,NO,gel,VERB,NO,sen,PRON,NO,bir,DET,NO,bağır,NOUN,NO
571,DC,her,DET,NO,gün,NOUN,NO,gel,VERB,NO,Türkçe,ADJ,NO,sohbet,NOUN,NO,et,VERB,NO
572,DC,söyle,VERB,NO,.,PUNCT,NO,gel,VERB,NO,boy,NOUN,NO,pos,NOUN,NO,bir,DET,NO
573,DC,bir,DET,NO,fotoğraf,NOUN,NO,gel,VERB,NO,yorumla,VERB,NO,diye,ADP,NO,bekle,VERB,NO
574,DC,dur,VERB,NO,ya,CCONJ,NO,gel,VERB,NO,bu,DET,NO,karga,NOUN,NO,gör,VERB,NO
575,DC,bir,DET,NO,sirk,NOUN,NO,gel,VERB,NO,ben,PRON,NO,git,VERB,NO,.,PUNCT,NO
576,DC,.,PUNCT,NO,yemek,NOUN,NO,gel,VERB,NO,karın,NOUN,NO,doy,VERB,NO,.,PUNCT,NO
577,DC,gibi,ADP,NO,film,NOUN,NO,ol,VERB,NO,direk,NOUN,NO,dön,VERB,NO,.,PUNCT,NO
578,DC,sen,PRON,NO,misafir,NOUN,NO,ol,VERB,NO,ziyafet,NOUN,NO,gör,VERB,NO,kapı,NOUN,NO
579,DC,valla,NOUN,NO,süper,ADJ,NO,ol,VERB,NO,akıl,NOUN,NO,takıl,VERB,NO,bir,NUM,NO
580,DC,İzmir,NOUN,NO,ne,PRON,NO,ol,VERB,NO,haber,NOUN,NO,yok,ADJ,NO,.,PUNCT,NO
581,DC,çatış,VERB,NO,nitelik,NOUN,NO,kazan,VERB,NO,biz,PRON,NO,haber,NOUN,NO,yok,ADJ,NO
582,DC,sen,PRON,NO,para,NOUN,NO,kazan,NOUN,NO,felsefe,NOUN,NO,ben,PRON,NO,öğret,VERB,NO
583,DC,vicdan,NOUN,NO,rahatsız,ADJ,NO,et,VERB,NO,İsviçre-türk,PROPN,YES,maç,NOUN,NO,esna,NOUN,NO
584,DC,baba,NOUN,NO,borç,NOUN,NO,et,VERB,NO,ancak,ADV,NO,evlen,VERB,NO,.,PUNCT,NO
585,DC,çocuk,NOUN,NO,yardım,NOUN,NO,et,VERB,NO,ayak,NOUN,NO,kalk,VERB,NO,kadıncağız,NOUN,NO
586,DC,ol,VERB,NO,ihya,NOUN,NO,et,VERB,NO,göm,VERB,NO,ol,VERB,NO,.,PUNCT,NO
587,DC,solculuk,NOUN,NO,istifa,NOUN,NO,et,VERB,NO,hayat,NOUN,NO,kurtar,VERB,NO,.,PUNCT,NO
588,DC,büyük,ADJ,NO,kötülük,NOUN,NO,et,VERB,NO,biz,PRON,NO,mi,AUX,NO,ayrım,NOUN,NO
589,DC,biz,PRON,NO,leh,NOUN,NO,dön,VERB,NO,biraz,ADV,NO,keyifle,VERB,NO,.,PUNCT,NO
590,DC,çark,NOUN,NO,dön,VERB,NO,dön,VERB,NO,değir,VERB,NO,su,NOUN,NO,dışarı,NOUN,NO
591,DC,iş,NOUN,NO,mi,AUX,NO,gel,VERB,NO,çarpıt,VERB,NO,.,PUNCT,NO,oku,NOUN,NO
592,DC,biraz,ADV,NO,koltuk,NOUN,NO,çık,VERB,NO,dükkân,NOUN,NO,aç,VERB,NO,diye,ADP,NO
593,DC,program,NOUN,NO,dış,NOUN,NO,çık,VERB,NO,gör,VERB,NO,kriz,NOUN,NO,ala,NOUN,NO
594,DC,iyi,ADJ,NO,bil,VERB,NO,çık,VERB,NO,sen,PRON,NO,at,VERB,NO,bak,VERB,NO
595,DC,göz,NOUN,NO,ön,ADJ,NO,gel,VERB,NO,kov,VERB,NO,iste,VERB,NO,gibi,ADP,NO
596,DC,sabah,NOUN,NO,kahve,NOUN,NO,hazır,NOUN,NO,konuş,VERB,NO,.,PUNCT,NO,ben,PRON,NO
597,DC,:,PUNCT,NO,kolaysa,ADV,NO,yap,VERB,NO,gör,VERB,NO,.,PUNCT,NO,hayat,NOUN,NO
598,DC,topal,ADJ,NO,taklidi,NOUN,NO,yap,VERB,NO,neşelen,VERB,NO,.,PUNCT,NO,bas,VERB,NO
599,DC,bir,DET,NO,girişim,NOUN,NO,yap,VERB,NO,sen,PRON,NO,alkışla,VERB,NO,.,PUNCT,NO
600,DC,diye,ADP,NO,açıkla,VERB,NO,yap,VERB,NO,ora,PRON,NO,bil,VERB,NO,detay,NOUN,NO
601,DC,kim,PRON,NO,eleştiri,NOUN,NO,yap,VERB,NO,dışla,VERB,NO,şimdi,NOUN,NO,kadar,ADP,NO
602,DC,güzel,ADJ,NO,yayın,NOUN,NO,yap,VERB,NO,bu,PRON,NO,kim,PRON,NO,zarar,NOUN,NO
603,DC,.,PUNCT,NO,şimdi,ADV,NO,büyü,VERB,NO,ben,PRON,NO,o,PRON,NO,bak,VERB,NO
604,DC,o,DET,NO,zaman,NOUN,NO,bek,NOUN,NO,gör,VERB,NO,cesaret,NOUN,NO,de,VERB,NO
605,DC,çok,ADV,NO,var,ADJ,NO,bek,NOUN,NO,gel,VERB,NO,bayramlaş,NOUN,NO,.,PUNCT,NO
606,DC,sekiz,NUM,NO,saat,NOUN,NO,bek,NOUN,NO,gör,VERB,NO,şekil,NOUN,NO,sitem,NOUN,NO
607,DC,takip,NOUN,NO,et,VERB,NO,çalış,VERB,NO,bu,DET,NO,kadar,ADP,NO,birik,VERB,NO
608,DC,neyse,ADV,NO,biraz,ADV,NO,çalış,VERB,NO,tekrar,ADV,NO,gel,VERB,NO,bol,ADJ,NO
609,DC,5,NUM,NO,saat,NOUN,NO,çalış,VERB,NO,o,DET,NO,reklam,NOUN,NO,gibi,ADP,NO
610,DC,şimdi,ADV,NO,şu,PRON,NO,bit,VERB,NO,biz,PRON,NO,de,CCONJ,NO,bir,NUM,NO
611,DC,sen,PRON,NO,film,NOUN,NO,bit,VERB,NO,gel,VERB,NO,ocak,NOUN,NO,başla,VERB,NO
612,DC,iş,NOUN,NO,çabuk,ADV,NO,bit,VERB,NO,in,NOUN,NO,aşağı,ADJ,NO,.,PUNCT,NO
613,DC,.,PUNCT,NO,anlayışlı,ADJ,NO,ol,VERB,NO,ibret,NOUN,NO,al,VERB,NO,;,PUNCT,NO
614,DC,biraz,ADV,NO,çabuk,ADV,NO,ol,VERB,NO,baba,NOUN,NO,sarhoşken,ADV,NO,sen,PRON,NO
615,DC,Mehmet,PROPN,YES,bey,NOUN,NO,duy,VERB,NO,ben,PRON,NO,söyle,VERB,NO,.,PUNCT,NO
616,DC,bu,DET,NO,basın,NOUN,NO,git,VERB,NO,o,PRON,NO,sonra,ADP,NO,söyle,VERB,NO
617,DC,yurtdışı,NOUN,NO,çık,NOUN,NO,anla,VERB,NO,yurt,NOUN,NO,girişim,NOUN,NO,neden,ADV,NO
618,DC,ara,ADJ,NO,sürtüş,VERB,NO,sür,VERB,NO,o,PRON,NO,için,ADP,NO,yaz,VERB,NO
619,DC,hadi,INTJ,NO,karanlık,ADJ,NO,de,VERB,NO,tuhaf,NOUN,NO,bir,DET,NO,gelecek,ADJ,NO
620,DC,ol,VERB,NO,olay,NOUN,NO,anlat,VERB,NO,öyle,ADV,NO,karar,NOUN,NO,ver,VERB,NO
621,DC,arkadaş,NOUN,NO,ben,PRON,NO,gel,VERB,NO,hiç,ADV,NO,hoş,ADJ,NO,gel,VERB,NO
622,DC,bul,VERB,NO,mi,AUX,NO,bul,VERB,NO,gündem,NOUN,NO,de,CCONJ,NO,kal,VERB,NO
623,DC,mi,AUX,NO,uzay,NOUN,NO,gel,VERB,NO,anla,VERB,NO,yoksa,ADJ,NO,bu,PRON,NO
624,DC,yumruk,NOUN,NO,ceza,NOUN,NO,bul,VERB,NO,kaleci,NOUN,NO,Mondragon,PROPN,YES,un,NOUN,NO
625,DC,ev,NOUN,NO,yeni,ADJ,NO,gel,VERB,NO,oku,VERB,NO,ya,CCONJ,NO,yine,ADV,NO
626,DC,iste,VERB,NO,formül,NOUN,NO,bul,VERB,NO,CHP,PROPN,YES,hayır,NOUN,NO,mi,AUX,NO
627,DC,işte,ADV,NO,o,PRON,NO,bul,VERB,NO,beyaz,ADJ,NO,ters,NOUN,NO,diye,ADP,NO
628,DC,iş,NOUN,NO,güç,ADJ,NO,kal,VERB,NO,sen,PRON,NO,uğraş,VERB,NO,.,PUNCT,NO
629,DC,film,NOUN,NO,mi,AUX,NO,kal,VERB,NO,bu,DET,NO,dizi,NOUN,NO,çevir,VERB,NO
630,DC,tüket,NOUN,NO,hikâye,NOUN,NO,kal,VERB,NO,o,PRON,NO,için,ADP,NO,mi,AUX,NO
631,DC,çık,VERB,NO,yer,NOUN,NO,kal,VERB,NO,Ege,NOUN,NO,mi,AUX,NO,kal,VERB,NO
632,DC,.,PUNCT,NO,mail,NOUN,NO,at,VERB,NO,cevap,NOUN,NO,çok,ADV,NO,doyurucu,ADJ,NO
633,DC,kafa,NOUN,NO,ye,VERB,NO,de,CCONJ,NO,mi,AUX,NO,yok,ADV,NO,?,PUNCT,NO
634,DC,bir,DET,NO,imaj,NOUN,NO,yarat,VERB,NO,arka,ADJ,NO,sakla,VERB,NO,kafa,ADJ,NO
635,DC,ol,VERB,NO,gibi,ADP,NO,görün,VERB,NO,şeffaf,ADJ,NO,ol,VERB,NO,yani,CCONJ,NO
636,DC,formül,NOUN,NO,et,VERB,NO,iste,VERB,NO,şöyle,ADV,NO,de,VERB,NO,Türkiye,PROPN,YES
637,DC,lazım,ADJ,NO,izel,ADJ,NO,bil,VERB,NO,ben,PRON,NO,ercan,NOUN,NO,saat,NOUN,NO
638,DC,bir,NUM,NO,ara,ADJ,NO,hatırla,VERB,NO,kurt,PROPN,YES,vadi,NOUN,NO,ile,ADP,NO
639,DC,vur,VERB,NO,için,ADP,NO,at,VERB,NO,vur,VERB,NO,.,PUNCT,NO,tereddüt,NOUN,NO
640,NDC,öpüş,VERB,NO,de,CCONJ,NO,hapşır,VERB,NO,geç,VERB,NO,.,PUNCT,NO,Botswana,PROPN,YES
641,NDC,yasa,NOUN,NO,çık,VERB,NO,sonra,ADP,NO,yasa,NOUN,NO,işle,VERB,NO,sağla,VERB,NO
642,NDC,idare,NOUN,NO,bir,DET,NO,görev,NOUN,NO,kırsal,ADJ,NO,alan,NOUN,NO,ve,CCONJ,NO
643,NDC,yeterlilik,NOUN,NO,var,ADJ,NO,ne,CCONJ,NO,vizyon,NOUN,NO,.,PUNCT,NO,daha,ADV,NO
644,NDC,söylen,VERB,NO,ver,VERB,NO,destek,NOUN,NO,ikna,NOUN,NO,ol,VERB,NO,için,ADP,NO
645,NDC,süre,NOUN,NO,cep,NOUN,NO,telefon,NOUN,NO,kullan,VERB,NO,50,NUM,NO,bin,NUM,NO
646,NDC,neden,NOUN,NO,intihar,NOUN,NO,et,VERB,NO,taslak,NOUN,NO,hazırlık,NOUN,NO,etkili,ADJ,NO
647,NDC,.,PUNCT,NO,öğle,NOUN,NO,sonra,ADP,NO,Avrupa,PROPN,YES,birlik,NOUN,NO,genel,ADJ,NO
648,NDC,hem,CCONJ,NO,avantaj,NOUN,NO,hem,CCONJ,NO,dezavantaj,NOUN,NO,yarat,VERB,NO,söyle,VERB,NO
649,NDC,kavga,NOUN,NO,diğer,ADJ,NO,futbol,NOUN,NO,karış,VERB,NO,.,PUNCT,NO,kırmızı,ADJ,NO
650,NDC,silahlı,NOUN,NO,kuvvet,NOUN,NO,ya,CCONJ,NO,orman,NOUN,NO,bakanlık,NOUN,NO,ait,ADP,NO
651,NDC,hepsi,PRON,NO,yok,ADJ,NO,et,VERB,NO,normal,ADJ,NO,değil,AUX,NO,.,PUNCT,NO
652,NDC,nın,ADP,NO,başlangıç,NOUN,NO,madde,NOUN,NO,dahil,NOUN,NO,ol,VERB,NO,üzere,ADP,NO
653,NDC,için,ADP,NO,i,AUX,NO,belki,ADV,NO,değiş,VERB,NO,tek,ADJ,NO,şey,NOUN,NO
654,NDC,her,DET,NO,iki,NUM,NO,taraf,NOUN,NO,vurgula,VERB,NO,.,PUNCT,NO,Yilmaz,VERB,NO
655,NDC,indirimli,ADJ,NO,yemek,NOUN,NO,satış,NOUN,NO,başla,VERB,NO,.,PUNCT,NO,simit,NOUN,NO
656,NDC,oran,NOUN,NO,art,VERB,NO,hem,CCONJ,NO,arsa,NOUN,NO,değer,NOUN,NO,fahiş,NOUN,NO
657,NDC,pazar,NOUN,NO,Türk,ADJ,NO,firma,NOUN,NO,daha,ADV,NO,fazla,ADV,NO,pay,NOUN,NO
658,NDC,sosyal,ADJ,NO,barış,NOUN,NO,hem,CCONJ,NO,hükümet,NOUN,NO,uygula,VERB,NO,program,NOUN,NO
659,NDC,ol,VERB,NO,neden,NOUN,NO,örgüt,NOUN,NO,eğilim,NOUN,NO,al,VERB,NO,karar,VERB,NO
660,NDC,sistem,NOUN,NO,şeffaflık,NOUN,NO,özellikle,ADV,NO,yeni,ADJ,NO,yasa,NOUN,NO,yürü,VERB,NO
661,NDC,asker,NOUN,NO,arın,VERB,NO,konu,NOUN,NO,görüşme,NOUN,NO,el,NOUN,NO,al,VERB,NO
662,NDC,sektör,NOUN,NO,dış,ADJ,NO,alan,NOUN,NO,istihdam,NOUN,NO,yönelik,ADP,NO,eğitim,NOUN,NO
663,NDC,zaten,ADV,NO,yap,VERB,NO,spor,NOUN,NO,belli,ADJ,NO,herhalde,ADV,NO,hız,NOUN,NO
664,NDC,o,PRON,NO,birlikte,ADP,NO,ya,CCONJ,NO,o,PRON,NO,sonra,ADP,NO,kaçınılmaz,ADJ,NO
665,NDC,var,VERB,NO,meğer,CCONJ,NO,sirtaki,NOUN,NO,köken,NOUN,NO,İstanbul,PROPN,YES,dayan,VERB,NO
666,NDC,kadar,ADP,NO,acemi,ADJ,NO,cadı,NOUN,NO,aynı,ADJ,NO,performans,NOUN,NO,göster,VERB,NO
667,NDC,yükle,VERB,NO,üşen,VERB,NO,ya,CCONJ,NO,Türkçe,ADJ,NO,harf,NOUN,NO,taşı,VERB,NO
668,NDC,dönem,NOUN,NO,yaşa,VERB,NO,şampiyonluk,NOUN,NO,tek,ADJ,NO,vücut,NOUN,NO,ol,VERB,NO
669,DC,.,PUNCT,NO,Bülent,PROPN,YES,Ersoy,PROPN,YES,bu,DET,NO,durum,NOUN,NO,kabullen,VERB,NO
670,NDC,su,NOUN,NO,ekle,VERB,NO,biraz,ADV,NO,portakal,NOUN,NO,likör,NOUN,NO,.,PUNCT,NO
671,NDC,yan,ADJ,NO,10,NUM,NO,öğrenci,NOUN,NO,teşvik,NOUN,NO,ödül,NOUN,NO,ver,VERB,NO
672,NDC,en,ADV,NO,hareketli,ADJ,NO,dolayı,NOUN,NO,en,ADV,NO,belalı,ADJ,NO,coğrafya,NOUN,NO
673,NDC,.,PUNCT,NO,ben,PRON,NO,insan,NOUN,NO,çok,ADV,NO,gözlem,VERB,NO,başka,ADJ,NO
674,NDC,geçen,ADJ,NO,hapishane,NOUN,NO,kal,VERB,NO,bil,VERB,NO,kadarıyla,NOUN,NO,yok,ADJ,NO
675,NDC,ve,CCONJ,NO,ön,NOUN,NO,daha,ADV,NO,aç,VERB,NO,.,PUNCT,NO,bu,DET,NO
676,NDC,ilişkin,ADP,NO,çalış,VERB,NO,bugün,NOUN,NO,sür,VERB,NO,yabancı,ADJ,NO,sermaye,NOUN,NO
677,NDC,olabilir,VERB,NO,ama,CCONJ,NO,yine,ADV,NO,yanlış,ADJ,NO,bir,DET,NO,tercih,NOUN,NO
678,NDC,önle,VERB,NO,tedavi,NOUN,NO,protokol,NOUN,NO,yap,VERB,NO,en,ADV,NO,büyük,ADJ,NO
679,NDC,Derya,PROPN,YES,Tuna,PROPN,YES,daha,ADV,NO,ileri,ADJ,NO,git,VERB,NO,ve,CCONJ,NO
680,NDC,ol,VERB,NO,yol,NOUN,NO,iddia,NOUN,NO,tekrarla,VERB,NO,.,PUNCT,NO,daha,ADV,NO
681,NDC,derece,NOUN,NO,dikkat,NOUN,NO,al,VERB,NO,gör,VERB,NO,ol,VERB,NO,.,PUNCT,NO
682,NDC,sür,VERB,NO,kritik,ADJ,NO,nokta,NOUN,NO,iş,NOUN,NO,makine,NOUN,NO,ve,CCONJ,NO
683,NDC,yasal,ADJ,NO,dava,NOUN,NO,ya,CCONJ,NO,siyasi,ADJ,NO,amaç,NOUN,NO,aç,VERB,NO
684,NDC,yap,VERB,NO,maaş,NOUN,NO,hesapla,VERB,NO,kendi,PRON,NO,göster,VERB,NO,.,PUNCT,NO
685,NDC,yardım,NOUN,NO,ed,VERB,NO,ya,CCONJ,NO,başarılı,ADJ,NO,ol,VERB,NO,.,PUNCT,NO
686,NDC,de,VERB,NO,.,PUNCT,NO,ben,PRON,NO,öde,VERB,NO,ifade,NOUN,NO,et,VERB,NO
687,NDC,parti,NOUN,NO,milletvekili,NOUN,NO,liste,NOUN,NO,benimse,VERB,NO,ol,VERB,NO,.,PUNCT,NO
688,NDC,anlam,NOUN,NO,kadar,ADP,NO,uyum,NOUN,NO,önemli,VERB,NO,.,PUNCT,NO,duvar,NOUN,NO
689,NDC,Türkçe,PROPN,YES,dış,ADJ,NO,ya,CCONJ,NO,kanun,NOUN,NO,öngör,VERB,NO,dil,NOUN,NO
690,NDC,seçim,NOUN,NO,arife,NOUN,NO,daha,ADV,NO,heyheyleş,VERB,NO,ve,CCONJ,NO,ülke,NOUN,NO
691,NDC,ayrıl,VERB,NO,.,PUNCT,NO,ora,PRON,NO,herhalde,ADV,NO,bu,DET,NO,lider,NOUN,NO
692,NDC,telefon,NOUN,NO,bilgisayar,NOUN,NO,hem,CCONJ,NO,bilgisayar,NOUN,NO,cep,NOUN,NO,telefon,NOUN,NO
693,NDC,dönük,ADJ,NO,olarak,ADP,NO,maaş,NOUN,NO,al,VERB,NO,.,PUNCT,NO,bu,DET,NO
694,NDC,saye,NOUN,NO,askeri,ADJ,NO,boyut,NOUN,NO,taşın,VERB,NO,.,PUNCT,NO,çad,NOUN,NO
695,NDC,tespit,NOUN,NO,et,VERB,NO,o,PRON,NO,karar,NOUN,NO,ver,VERB,NO,.,PUNCT,NO
696,NDC,Avrupa’,PROPN,YES,Anadolu,PROPN,YES,yol,NOUN,NO,ön,ADJ,NO,Asya,PROPN,YES,ile,CCONJ,NO
697,NDC,idare,NOUN,NO,gönder,VERB,NO,husus,NOUN,NO,matematik,NOUN,NO,grup,NOUN,NO,diğer,ADJ,NO
698,NDC,ayıkla,VERB,NO,sonuç,NOUN,NO,olarak,ADP,NO,nesil,NOUN,NO,yavaş,ADJ,NO,yavaş,ADJ,NO
699,NDC,kap,NOUN,NO,süt,NOUN,NO,koy,VERB,NO,ihmal,NOUN,NO,et,VERB,NO,tepsi,NOUN,NO
700,NDC,.,PUNCT,NO,her,DET,NO,iki,NUM,NO,birinci,NOUN,NO,kimse,NOUN,NO,bırak,VERB,NO
701,NDC,atom,NOUN,NO,yörünge,NOUN,NO,elektron,NOUN,NO,hareket,NOUN,NO,sonuç,NOUN,NO,dairesel,ADJ,NO
702,NDC,Aygün,PROPN,YES,izin,NOUN,NO,yayımla,VERB,NO,belirt,VERB,NO,.,PUNCT,NO,koru,VERB,NO
703,NDC,sayı,NOUN,NO,azal,VERB,NO,ol,VERB,NO,değin,VERB,NO,.,PUNCT,NO,ecri,PROPN,YES
704,NDC,ata,VERB,NO,daha,ADV,NO,sonra,ADV,NO,1,NUM,NO,temmuz,NOUN,NO,1998,NUM,NO
705,NDC,.,PUNCT,NO,yüce,ADJ,NO,parlamento,NOUN,NO,güven,VERB,NO,o,PRON,NO,da,CCONJ,NO
706,NDC,belir,VERB,NO,10,NUM,NO,madde,NOUN,NO,değin,VERB,NO,SPK,PROPN,YES,yazı,NOUN,NO
707,NDC,.,PUNCT,NO,ters,ADJ,NO,çevir,VERB,NO,diğer,ADJ,NO,taraf,NOUN,NO,geç,VERB,NO
708,NDC,üst,ADJ,NO,üst,ADJ,NO,geçit,ADJ,NO,tepe,NOUN,NO,özel,ADJ,NO,harekat,NOUN,NO
709,NDC,toplantı,NOUN,NO,bu,DET,NO,yıl,NOUN,NO,İspanya,PROPN,YES,_,ADP,NO,Ab,NOUN,NO
710,NDC,.,PUNCT,NO,bu,DET,NO,yüz,NOUN,NO,tanıtım,NOUN,NO,etkili,ADJ,NO,ol,VERB,NO
711,NDC,grup,NOUN,NO,olarak,ADP,NO,yatırım,NOUN,NO,hız,NOUN,NO,ver,VERB,NO,belir,VERB,NO
712,NDC,ekonomi,NOUN,NO,çök,VERB,NO,ne,CCONJ,NO,Türkiye,PROPN,YES,kriz,NOUN,NO,gir,VERB,NO
713,NDC,bakan,NOUN,NO,Binali,PROPN,YES,Yildirim,PROPN,YES,kat,VERB,NO,korsan,NOUN,NO,ikna,NOUN,NO
714,NDC,büyü,VERB,NO,sağla,VERB,NO,arka,ADJ,NO,kriz,NOUN,NO,birlikte,ADP,NO,eksi,ADJ,NO
715,NDC,faliyet,NOUN,NO,bulun,VERB,NO,kurum,NOUN,NO,benze,VERB,NO,vergi,NOUN,NO,muafiyet,NOUN,NO
716,NDC,yap,VERB,NO,görev,NOUN,NO,bölüm,NOUN,NO,iki,NUM,NO,başkanlık,NOUN,NO,Murat,PROPN,YES
717,NDC,evlen,VERB,NO,kız,ADJ,NO,kardeş,NOUN,NO,sev,VERB,NO,adam,NOUN,NO,seviş,VERB,NO
718,NDC,yok,ADJ,NO,şarkı,NOUN,NO,ya,CCONJ,NO,ses,NOUN,NO,dosya,NOUN,NO,yani,CCONJ,NO
719,NDC,.,PUNCT,NO,ilk,ADJ,NO,gün,NOUN,NO,söyle,VERB,NO,gibi,ADP,NO,ilk,ADJ,NO
720,NDC,koru,VERB,NO,yönelik,ADP,NO,düzenle,VERB,NO,bulun,VERB,NO,.,PUNCT,NO,18,NUM,NO
721,NDC,bu,DET,NO,seçim,NOUN,NO,sonra,NOUN,NO,herkes,NOUN,NO,kendi,PRON,NO,yeniden,ADV,NO
722,NDC,düşün,VERB,NO,.,PUNCT,NO,özellikle,ADV,NO,kara,ADJ,NO,teslim,NOUN,NO,ol,VERB,NO
723,NDC,yağış,NOUN,NO,gözlem,NOUN,NO,yap,VERB,NO,hesapla,VERB,NO,için,ADP,NO,bazı,DET,NO
724,NDC,biraz,ADV,NO,önce,ADV,NO,siz,PRON,NO,belirt,VERB,NO,ol,VERB,NO,gibi,ADP,NO
725,NDC,iyi,ADJ,NO,oyna,VERB,NO,ya,CCONJ,NO,kötü,ADJ,NO,oyna,VERB,NO,birden,ADV,NO
726,NDC,müdür,NOUN,NO,yardımcı,NOUN,NO,maaş,NOUN,NO,2,NUM,NO,milyar,NUM,NO,750,NUM,NO
727,NDC,bir,NUM,NO,müddet,NOUN,NO,sonra,ADP,NO,aşağı,ADJ,NO,doğru,ADP,NO,süzül,VERB,NO
728,NDC,özellik,NOUN,NO,sokak,NOUN,NO,ya,CCONJ,NO,ön,ADJ,NO,cephe,NOUN,NO,yön,NOUN,NO
729,NDC,gibi,ADP,NO,aslında,ADV,NO,kendi,PRON,NO,söyle,VERB,NO,çok,ADV,NO,gecik,VERB,NO
730,NDC,sonra,ADP,NO,yap,VERB,NO,belki,ADV,NO,şubat,NOUN,NO,kriz,NOUN,NO,yaşanma,VERB,NO
731,NDC,savur,VERB,NO,.,PUNCT,NO,biz,PRON,NO,bu,DET,NO,hafta,NOUN,NO,sayfa,ADJ,NO
732,NDC,da,CCONJ,NO,yaşa,VERB,NO,olay,NOUN,NO,göz,NOUN,NO,ön,ADJ,NO,al,VERB,NO
733,NDC,yeni,ADJ,NO,yabancı,ADJ,NO,üzüm,NOUN,NO,bulun,VERB,NO,.,PUNCT,NO,kısacası,ADV,NO
734,NDC,boy,NOUN,NO,gümrük,NOUN,NO,vergi,NOUN,NO,dahil,NOUN,NO,ol,VERB,NO,üzere,ADP,NO
735,NDC,ideal,ADJ,NO,ol,VERB,NO,durum,NOUN,NO,yer,NOUN,NO,ver,VERB,NO,ve,CCONJ,NO
736,DC,takım,NOUN,NO,ara,ADJ,NO,mücadele,NOUN,NO,takip,NOUN,NO,et,VERB,NO,.,PUNCT,NO
737,NDC,yap,VERB,NO,İstanbul,PROPN,YES,tam,ADV,NO,medeniyet,NOUN,NO,kavşak,NOUN,NO,ol,VERB,NO
738,DC,.,PUNCT,NO,Türk,ADJ,NO,arkadaş,NOUN,NO,şöyle,ADV,NO,söylem,NOUN,NO,ol,VERB,NO
739,NDC,et,VERB,NO,.,PUNCT,NO,bugün,NOUN,NO,program,NOUN,NO,son,ADJ,NO,gel,VERB,NO
740,NDC,gelir,NOUN,NO,zaten,ADV,NO,Imf,NOUN,NO,bu,PRON,NO,öngör,VERB,NO,için,ADP,NO
741,NDC,mi,AUX,NO,diye,ADP,NO,sor,VERB,NO,olumlu,ADJ,NO,yanıt,NOUN,NO,al,VERB,NO
742,NDC,takib,VERB,NO,2002,NUM,NO,yıl,NOUN,NO,oldukça,ADV,NO,durgun,ADJ,NO,geçmiş,VERB,NO
743,NDC,ve,CCONJ,NO,sayın,ADJ,NO,başbakan,NOUN,NO,bu,PRON,NO,ifade,NOUN,NO,et,VERB,NO
744,NDC,yan,ADJ,NO,muhalefet,NOUN,NO,parti,NOUN,NO,benze,VERB,NO,bir,DET,NO,yaklaşım,NOUN,NO
745,NDC,esasen,ADV,NO,her,DET,NO,başlık,NOUN,NO,Irak,PROPN,YES,kendi,PRON,NO,yerli,ADJ,NO
746,NDC,ol,VERB,NO,kıyafet,NOUN,NO,biçim,NOUN,NO,yeniden,ADV,NO,düzenle,VERB,NO,.,PUNCT,NO
747,NDC,Fenerbahçe,PROPN,YES,ve,CCONJ,NO,Galatasaray,PROPN,YES,destek,NOUN,NO,al,VERB,NO,basketbol,NOUN,NO
748,NDC,ne,PRON,NO,de,VERB,NO,ol,VERB,NO,Çinar,NOUN,NO,mavi,NOUN,NO,resim,NOUN,NO
749,NDC,büyü,VERB,NO,hormon,NOUN,NO,yapım,NOUN,NO,fren,NOUN,NO,.,PUNCT,NO,büyü,VERB,NO
750,NDC,beklenti,NOUN,NO,hükümet,NOUN,NO,taraf,NOUN,NO,destekle,VERB,NO,.,PUNCT,NO,para,NOUN,NO
751,NDC,özel,ADJ,NO,kategori,NOUN,NO,değil,CCONJ,NO,tam,ADJ,NO,anlam,NOUN,NO,aday,NOUN,NO
752,NDC,ve,CCONJ,NO,o,DET,NO,zaman,NOUN,NO,malesef,ADJ,NO,kent,NOUN,NO,yaşam,NOUN,NO
753,NDC,başkanlık,NOUN,NO,daha,ADV,NO,sonra,ADP,NO,hem,CCONJ,NO,bilim,NOUN,NO,kurul,NOUN,NO
754,NDC,Fran,ADJ,NO,parlamenter,NOUN,NO,ya,CCONJ,NO,başka,ADJ,NO,ülke,NOUN,NO,politikacı,NOUN,NO
755,NDC,.,PUNCT,NO,ekmek,NOUN,NO,ya,CCONJ,NO,makarnasız,ADJ,NO,kendi,PRON,NO,doy,VERB,NO
756,NDC,.,PUNCT,NO,bu,PRON,NO,sonra,ADP,NO,her,DET,NO,akın,NOUN,NO,o,PRON,NO
757,NDC,G.,PROPN,YES,Amerika,PROPN,YES,ya,CCONJ,NO,okyanus,NOUN,NO,muz,ADJ,NO,cumhuriyet,NOUN,NO
758,NDC,Bullet,PROPN,YES,kap,NOUN,NO,ya,CCONJ,NO,parti,NOUN,NO,kupa,NOUN,NO,bir,NUM,NO
759,NDC,yaşa,VERB,NO,ekonomik,ADJ,NO,kriz,NOUN,NO,etki,NOUN,NO,Türkiye,PROPN,YES,de,CCONJ,NO
760,NDC,köşe,NOUN,NO,yazar,NOUN,NO,isim,NOUN,NO,ver,VERB,NO,bahçe,PROPN,YES,haber,NOUN,NO
761,NDC,halk,NOUN,NO,yakın,ADJ,NO,alaka,NOUN,NO,karşılaş,VERB,NO,.,PUNCT,NO,ilk,ADJ,NO
762,DC,in,VERB,NO,çık,VERB,NO,bu,PRON,NO,ben,PRON,NO,ayak,NOUN,NO,tut,VERB,NO
763,NDC,konuş,VERB,NO,ın,ADP,NO,belki,ADV,NO,en,ADV,NO,önem,NOUN,NO,hediye,NOUN,NO
764,NDC,koy,VERB,NO,çaba,NOUN,NO,belki,ADV,NO,dünya,NOUN,NO,siyaset,NOUN,NO,tarih,NOUN,NO
765,NDC,ol,VERB,NO,gül,VERB,NO,ve,CCONJ,NO,aşık,ADJ,NO,ol,VERB,NO,.,PUNCT,NO
766,NDC,kal,VERB,NO,ebeveyn,NOUN,NO,özellikle,ADV,NO,anne,NOUN,NO,vicdan,NOUN,NO,azap,NOUN,NO
767,NDC,için,ADP,NO,tahliye,NOUN,NO,dava,NOUN,NO,yeniden,ADV,NO,gör,VERB,NO,karar,NOUN,NO
768,NDC,başarı,NOUN,NO,da,CCONJ,NO,başarısızlık,NOUN,NO,yönet,VERB,NO,ne,PRON,NO,yazık,NOUN,NO
769,NDC,o,DET,NO,hoş,ADJ,NO,ve,CCONJ,NO,oldukça,ADV,NO,boş,ADJ,NO,muhabbet,NOUN,NO
770,NDC,fark,NOUN,NO,i,AUX,NO,tam,ADV,NO,kedi,NOUN,NO,yarı,ADJ,NO,kutsan,NOUN,NO
771,NDC,et,VERB,NO,!,PUNCT,NO,gerçekten,ADV,NO,insan,NOUN,NO,iç,ADJ,NO,yalnız,ADV,NO
772,NDC,ve,CCONJ,NO,tadar,VERB,NO,gerçekten,ADV,NO,o,DET,NO,koku,NOUN,NO,ve,CCONJ,NO
773,NDC,çalış,VERB,NO,.,PUNCT,NO,gerçekten,ADV,NO,komisyon,NOUN,NO,görev,NOUN,NO,devret,VERB,NO
774,NDC,abartılı,VERB,NO,.,PUNCT,NO,gerçekten,ADV,NO,sol,ADJ,NO,yenileş,VERB,NO,bütünleş,VERB,NO
775,NDC,olarak,ADP,NO,öde,VERB,NO,ve,CCONJ,NO,bu,DET,NO,yüz,NUM,NO,65,NUM,NO
776,NDC,ara,ADJ,NO,şube,NOUN,NO,müdür,NOUN,NO,bulun,VERB,NO,çok,ADJ,NO,sayı,NOUN,NO
777,DC,.,PUNCT,NO,bu,DET,NO,terlik,NOUN,NO,güzellik,NOUN,NO,çok,ADJ,NO,rahat,NOUN,NO
778,NDC,ver,VERB,NO,.,PUNCT,NO,Allah,PROPN,YES,bela,NOUN,NO,ver,VERB,NO,.,PUNCT,NO
779,NDC,kampanya,NOUN,NO,toplantı,NOUN,NO,gösteri,NOUN,NO,yap,VERB,NO,.,PUNCT,NO,kişisel,ADJ,NO
780,NDC,eş,ADJ,NO,dost,ADJ,NO,arkadaş,NOUN,NO,dâvet,NOUN,NO,et,VERB,NO,...,PUNCT,NO
781,NDC,amir,NOUN,NO,de,CCONJ,NO,paşa,NOUN,NO,başbakan,NOUN,NO,da,CCONJ,NO,kaldır,VERB,NO
782,NDC,her,DET,NO,iki,NUM,NO,kat,NOUN,NO,projeksiyon,NOUN,NO,maç,NOUN,NO,izle,VERB,NO
783,NDC,yalnız,NOUN,NO,da,CCONJ,NO,sevinç,NOUN,NO,o,PRON,NO,ait,ADP,NO,.,PUNCT,NO
784,NDC,kitap,NOUN,NO,tanı,VERB,NO,bir,NUM,NO,broşür,NOUN,NO,yer,NOUN,NO,al,VERB,NO
785,NDC,.,PUNCT,NO,maliye,NOUN,NO,bakan,NOUN,NO,açıkla,VERB,NO,gibi,ADP,NO,ilk,ADJ,NO
786,NDC,vade,ADJ,NO,dış,ADJ,NO,borç,NOUN,NO,2003,NUM,NO,yıl,NOUN,NO,23,NUM,NO
787,NDC,paylaş,VERB,NO,Aşil,PROPN,YES,mızrak,NOUN,NO,Antalya,PROPN,YES,Phaselis,PROPN,YES,ol,VERB,NO
788,DC,iste,VERB,NO,alt,ADJ,NO,kal,VERB,NO,istemem.,VERB,NO,ora,PRON,NO,hep,ADV,NO
789,DC,heyecan,NOUN,NO,bekle,VERB,NO,soğukkanlı,NOUN,NO,kaybet,VERB,NO,değil,AUX,NO,.,PUNCT,NO
790,DC,şey,NOUN,NO,mi,AUX,NO,ol,VERB,NO,bu,DET,NO,kadar,ADP,NO,kız,VERB,NO
791,DC,çık,VERB,NO,fırsat,NOUN,NO,değerlendir,VERB,NO,hep,PRON,NO,bil,VERB,NO,.,PUNCT,NO
792,DC,?,PUNCT,NO,biz,PRON,NO,gör,VERB,NO,biz,PRON,NO,polis,NOUN,NO,taraftar,NOUN,NO
793,DC,maç,NOUN,NO,böyle,ADV,NO,ol,VERB,NO,biz,PRON,NO,mi,AUX,NO,gör,VERB,NO
794,DC,gün,NOUN,NO,bugün,NOUN,NO,değer,VERB,NO,şimdi,ADV,NO,neden,ADV,NO,orta,ADJ,NO
795,DC,.,PUNCT,NO,televizon,NOUN,NO,de,VERB,NO,aslında,ADV,NO,Küba,PROPN,YES,da,CCONJ,NO
796,DC,yakala,VERB,NO,.,PUNCT,NO,risk,NOUN,NO,gir,VERB,NO,.,PUNCT,NO,ancak,CCONJ,NO
797,DC,ol,VERB,NO,ol,VERB,NO,af,NOUN,NO,reddet,VERB,NO,.,PUNCT,NO,suçlu,ADJ,NO
798,DC,savcı,NOUN,NO,i,AUX,NO,benimse,VERB,NO,hâkim,NOUN,NO,var,VERB,NO,yargıç,NOUN,NO
799,DC,oku,VERB,NO,ömür,NOUN,NO,boy,NOUN,NO,oku,VERB,NO,.,PUNCT,NO,ben,PRON,NO
800,DC,harekat,NOUN,NO,niyet,NOUN,NO,yok,ADV,NO,bu,DET,NO,harekat,NOUN,NO,olasılık,NOUN,NO
801,DC,eğer,CCONJ,NO,Türkiye,PROPN,YES,değiş,VERB,NO,biz,PRON,NO,fark,NOUN,NO,değ,VERB,NO
802,DC,topar,VERB,NO,.,PUNCT,NO,ben,PRON,NO,gel,VERB,NO,.,PUNCT,NO,baba,NOUN,NO
803,DC,var,ADJ,NO,ses,NOUN,NO,ton,NOUN,NO,hoş,ADJ,NO,.,PUNCT,NO,pek,ADV,NO
804,DC,ilk,ADJ,NO,yarı,ADJ,NO,anla,VERB,NO,ne,PRON,NO,yaz,VERB,NO,?,PUNCT,NO
805,DC,yahut,VERB,NO,anlam,NOUN,NO,gel,VERB,NO,iddia,NOUN,NO,et,VERB,NO,.,PUNCT,NO
806,DC,konu,NOUN,NO,yanlış,ADJ,NO,anlaşıl,VERB,NO,ol,VERB,NO,.,PUNCT,NO,biz,PRON,NO
807,DC,sorun,NOUN,NO,spontane,VERB,NO,hoş,NOUN,NO,git,VERB,NO,.,PUNCT,NO,ama,CCONJ,NO
808,DC,.,PUNCT,NO,sağlık,NOUN,NO,yardım,NOUN,NO,devam,NOUN,NO,et,VERB,NO,.,PUNCT,NO
809,DC,doğum,NOUN,NO,koç,NOUN,NO,fayda,NOUN,NO,bu,VERB,NO,.,PUNCT,NO,1.5,NUM,NO
810,DC,değil,VERB,NO,.,PUNCT,NO,ol,VERB,NO,.,PUNCT,NO,çünkü,CCONJ,NO,bil,VERB,NO
811,DC,öl,VERB,NO,köpek,NOUN,NO,sahip,NOUN,NO,ağır,ADJ,NO,yarala,VERB,NO,gibi,ADP,NO
812,DC,maç,NOUN,NO,var,ADJ,NO,o,PRON,NO,konuş,VERB,NO,.,PUNCT,NO,ama,CCONJ,NO
813,DC,sor,VERB,NO,mümkün,ADJ,NO,sor,VERB,NO,zaten,ADV,NO,...,PUNCT,NO,11,NUM,NO
814,DC,ol,VERB,NO,dert,NOUN,NO,ol,VERB,NO,hakikaten,ADV,NO,san,VERB,NO,.,PUNCT,NO
815,DC,görüş,VERB,NO,.,PUNCT,NO,kimse,NOUN,NO,ara,VERB,NO,.,PUNCT,NO,yemek,NOUN,NO
816,DC,ben,PRON,NO,de,CCONJ,NO,iste,VERB,NO,ara,ADJ,NO,biri,PRON,NO,bir,NUM,NO
817,DC,televizyon,NOUN,NO,yap,VERB,NO,iş,NOUN,NO,tut,VERB,NO,.,PUNCT,NO,çünkü,CCONJ,NO
818,DC,sür,VERB,NO,ve,CCONJ,NO,sür,VERB,NO,.,PUNCT,NO,karşılıksız,ADJ,NO,varlık,NOUN,NO
819,DC,gemi,NOUN,NO,bin,VERB,NO,uçak,NOUN,NO,çok,ADV,NO,kork,VERB,NO,.,PUNCT,NO
820,DC,şimdi,NOUN,NO,kadar,ADP,NO,açıkla,VERB,NO,böyle,ADJ,NO,bir,DET,NO,ortam,NOUN,NO
821,DC,et,VERB,NO,hiç,ADV,NO,düşün,VERB,NO,.,PUNCT,NO,hangi,DET,NO,film,NOUN,NO
822,DC,akıl,NOUN,NO,baş,NOUN,NO,al,VERB,NO,kendi,PRON,NO,son,NOUN,NO,da,CCONJ,NO
823,DC,öneri,NOUN,NO,gibi,ADP,NO,gör,VERB,NO,iyi,ADJ,NO,niyet,NOUN,NO,el,NOUN,NO
824,DC,aç,VERB,NO,bir,DET,NO,yaz,VERB,NO,fıstık,NOUN,NO,çeki,NOUN,NO,6,NUM,NO
825,DC,teslim,NOUN,NO,al,VERB,NO,komiser,NOUN,NO,çıkar,VERB,NO,kamuoy,NOUN,NO,ilgi,NOUN,NO
826,DC,ol,VERB,NO,için,ADP,NO,çarşı,ADJ,NO,çık,VERB,NO,.,PUNCT,NO,ana,NOUN,NO
827,DC,bir,DET,NO,laf,NOUN,NO,et,VERB,NO,baş,NOUN,NO,iş,NOUN,NO,aç,VERB,NO
828,DC,bir,NUM,NO,parça,NOUN,NO,yıkıntı,NOUN,NO,ben,PRON,NO,kaldır,VERB,NO,.,PUNCT,NO
829,NDC,neden,NOUN,NO,kimse,NOUN,NO,para,NOUN,NO,al,VERB,NO,.,PUNCT,NO,ben,PRON,NO
830,DC,bir,DET,NO,koku,NOUN,NO,duy,VERB,NO,tamam,ADJ,NO,bu,PRON,NO,yap,VERB,NO
831,DC,var,ADJ,NO,yarın,NOUN,NO,akşam,NOUN,NO,müsait,NOUN,NO,ne,PRON,NO,zaman,NOUN,NO
832,DC,merkez,NOUN,NO,iç,ADJ,NO,fizyoterapist,NOUN,NO,ekle,VERB,NO,.,PUNCT,NO,dolayısıyla,ADV,NO
833,DC,rize,PROPN,YES,çay,NOUN,NO,bul,VERB,NO,mecburen,ADV,NO,ak,ADJ,NO,çay,NOUN,NO
834,DC,git,VERB,NO,karar,NOUN,NO,ver,VERB,NO,baş,NOUN,NO,dur,VERB,NO,dur,VERB,NO
835,DC,iş,NOUN,NO,gel,VERB,NO,gel,VERB,NO,.,PUNCT,NO,ben,PRON,NO,siz,PRON,NO
836,DC,dost,ADJ,NO,kapitalizm,NOUN,NO,bil,VERB,NO,gün,NOUN,NO,biri,NUM,NO,eş,ADJ,NO
837,DC,kedi,NOUN,NO,falan,ADJ,NO,de,VERB,NO,bu,DET,NO,dört,NUM,NO,ayak,NOUN,NO
838,DC,eski,ADJ,NO,koca,ADJ,NO,ara,VERB,NO,.,PUNCT,NO,sarp,ADJ,NO,neden,ADV,NO
839,NDC,vazgeç,VERB,NO,kolay,VERB,NO,ertele,VERB,NO,.,PUNCT,NO,NUL,NUL,NUL,NUL,NUL,NUL
840,NDC,dert,NOUN,NO,yan,ADJ,NO,Ante,PROPN,YES,var,VERB,NO,.,PUNCT,NO,NUL,NUL,NUL
841,DC,adres,NOUN,NO,sen,PRON,NO,bul,VERB,NO,ekle,VERB,NO,.,PUNCT,NO,NUL,NUL,NUL
842,DC,Mihriban,PROPN,YES,Hanım,PROPN,YES,yürek,NOUN,NO,var,VERB,NO,.,PUNCT,NO,NUL,NUL,NUL
843,NDC,git,VERB,NO,ama,CCONJ,NO,Mihriban,PROPN,YES,bırak,VERB,NO,.,PUNCT,NO,NUL,NUL,NUL
844,DC,şarap,NOUN,NO,al,VERB,NO,git,VERB,NO,.,PUNCT,NO,NUL,NUL,NUL,NUL,NUL,NUL
845,DC,beyaz,ADJ,NO,külot,NOUN,NO,iç,ADJ,NO,sok,VERB,NO,.,PUNCT,NO,NUL,NUL,NUL
846,NDC,dur,VERB,NO,bak,VERB,NO,bu,PRON,NO,erkek,ADJ,NO,.,PUNCT,NO,NUL,NUL,NUL
847,NDC,san,VERB,NO,o,DET,NO,zaman,NOUN,NO,gel,VERB,NO,.,PUNCT,NO,NUL,NUL,NUL
848,DC,ol,VERB,NO,.,PUNCT,NO,bardak,NOUN,NO,getir,VERB,NO,.,PUNCT,NO,NUL,NUL,NUL
849,DC,İlhami,PROPN,YES,.,PUNCT,NO,o,PRON,NO,zorla,VERB,NO,.,PUNCT,NO,NUL,NUL,NUL
850,DC,san,VERB,NO,de,VERB,NO,Nesli,PROPN,YES,.,PUNCT,NO,NUL,NUL,NUL,NUL,NUL,NUL
851,NDC,pervasız,ADJ,NO,ama,CCONJ,NO,gene,ADV,NO,ölçülü,ADJ,NO,.,PUNCT,NO,NUL,NUL,NUL
852,DC,önem,NOUN,NO,bir,DET,NO,kır,VERB,NO,gerçek,VERB,NO,.,PUNCT,NO,NUL,NUL,NUL
853,DC,keşif,NOUN,NO,esas,ADJ,NO,laboratuar,NOUN,NO,Paris,PROPN,NO,.,PUNCT,NO,NUL,NUL,NUL
854,NDC,Fran,ADJ,NO,sosyoloji,NOUN,NO,ya,CCONJ,NO,sosyalizm,NOUN,NO,.,PUNCT,NO,NUL,NUL,NUL
855,NDC,tarih,NOUN,NO,incele,VERB,NO,daha,ADV,NO,genişle,VERB,NO,.,PUNCT,NO,NUL,NUL,NUL
856,NDC,insan,NOUN,NO,farklı,ADJ,NO,işlev,NOUN,NO,farklı,ADJ,NO,.,PUNCT,NO,NUL,NUL,NUL
857,NDC,Aşıklı,PROPN,YES,değil,CCONJ,NO,Çayönü,PROPN,YES,bul,VERB,NO,.,PUNCT,NO,NUL,NUL,NUL
858,DC,benzerlik,NOUN,NO,yan,ADJ,NO,fark,NOUN,NO,var,VERB,NO,.,PUNCT,NO,NUL,NUL,NUL
859,DC,eski,ADJ,NO,çevre,NOUN,NO,duvar,NOUN,NO,ora,PRON,NO,.,PUNCT,NO,NUL,NUL,NUL
860,NDC,dene,VERB,NO,eski,ADJ,NO,başkaldır,NOUN,NO,içer,VERB,NO,.,PUNCT,NO,NUL,NUL,NUL
861,DC,kur,VERB,NO,gerek,VERB,NO,kendi,PRON,NO,inan,VERB,NO,.,PUNCT,NO,NUL,NUL,NUL
862,DC,ol,VERB,NO,.,PUNCT,NO,o,PRON,NO,hazır,VERB,NO,.,PUNCT,NO,NUL,NUL,NUL
863,NDC,kim,PRON,NO,çek,VERB,NO,ben,PRON,NO,bil,VERB,NO,.,PUNCT,NO,NUL,NUL,NUL
864,NDC,yan,ADJ,NO,ol,VERB,NO,ben,PRON,NO,bil,VERB,NO,.,PUNCT,NO,NUL,NUL,NUL
865,NDC,son,ADJ,NO,mesai,NOUN,NO,bakanlık,NOUN,NO,kat,VERB,NO,.,PUNCT,NO,NUL,NUL,NUL
866,NDC,Kibris,PROPN,YES,Türk,ADJ,NO,cumhuriyet,NOUN,NO,göster,VERB,NO,.,PUNCT,NO,NUL,NUL,NUL
867,DC,çık,VERB,NO,yatırım,NOUN,NO,fon,NOUN,NO,gör,VERB,NO,.,PUNCT,NO,NUL,NUL,NUL
868,DC,kesin,ADJ,NO,karar,NOUN,NO,ver,VERB,NO,belir,VERB,NO,.,PUNCT,NO,NUL,NUL,NUL
869,DC,vur,VERB,NO,konu,NOUN,NO,anlat,VERB,NO,bilgilen,VERB,NO,.,PUNCT,NO,NUL,NUL,NUL
870,DC,pislik,NOUN,NO,iç,ADJ,NO,otur,VERB,NO,gör,VERB,NO,.,PUNCT,NO,NUL,NUL,NUL
871,DC,NUL,NUL,NUL,NUL,NUL,NUL,yaz,VERB,NO,ne,PRON,NO,yaz,VERB,NO,.,PUNCT,NO
872,DC,NUL,NUL,NUL,NUL,NUL,NUL,bil,VERB,NO,konuş,VERB,NO,.,PUNCT,NO,NUL,NUL,NUL
873,DC,14,NUM,NO,yıl,NOUN,NO,bul,VERB,NO,.,PUNCT,NO,NUL,NUL,NUL,NUL,NUL,NUL
874,DC,çabala,VERB,NO,...,PUNCT,NO,et,VERB,NO,.,PUNCT,NO,NUL,NUL,NUL,NUL,NUL,NUL